INFO:     Started server process [31456]
INFO:     Waiting for application startup.
INFO:     Application startup complete.
INFO:     Uvicorn running on http://0.0.0.0:8765 (Press CTRL+C to quit)
INFO:     127.0.0.1:58982 - "WebSocket /ws/client" [accepted]
2026-05-19 22:40:09,061 - __main__ - INFO - browser client connected
INFO:     connection open
2026-05-19 22:40:10,463 - __main__ - INFO - connected to deepgram voice agent api
2026-05-19 22:40:10,465 - __main__ - INFO - sent settings config to deepgram
2026-05-19 22:40:10,467 - __main__ - INFO - dg << Welcome
2026-05-19 22:40:10,468 - __main__ - INFO - client >> audio (2730 bytes)
2026-05-19 22:40:10,470 - __main__ - INFO - client >> audio (2730 bytes)
2026-05-19 22:40:10,471 - __main__ - INFO - client >> audio (2730 bytes)
2026-05-19 22:40:10,473 - __main__ - INFO - client >> audio (2730 bytes)
2026-05-19 22:40:10,474 - __main__ - INFO - client >> audio (2730 bytes)
2026-05-19 22:40:10,475 - __main__ - INFO - client >> audio (2730 bytes)
2026-05-19 22:40:10,476 - __main__ - INFO - client >> audio (2730 bytes)
2026-05-19 22:40:10,477 - __main__ - INFO - client >> audio (2730 bytes)
2026-05-19 22:40:10,478 - __main__ - INFO - client >> audio (2730 bytes)
2026-05-19 22:40:10,479 - __main__ - INFO - client >> audio (2730 bytes)
2026-05-19 22:40:10,480 - __main__ - INFO - client >> audio (2730 bytes)
2026-05-19 22:40:10,481 - __main__ - INFO - client >> audio (2730 bytes)
2026-05-19 22:40:10,482 - __main__ - INFO - client >> audio (2730 bytes)
2026-05-19 22:40:10,483 - __main__ - INFO - client >> audio (2730 bytes)
2026-05-19 22:40:10,484 - __main__ - INFO - client >> audio (2730 bytes)
2026-05-19 22:40:10,503 - __main__ - INFO - client >> audio (2730 bytes)
2026-05-19 22:40:10,597 - __main__ - INFO - client >> audio (2730 bytes)
2026-05-19 22:40:10,674 - __main__ - INFO - client >> audio (2730 bytes)
2026-05-19 22:40:10,747 - __main__ - INFO - dg << SettingsApplied
2026-05-19 22:40:10,772 - __main__ - INFO - client >> audio (2730 bytes)
2026-05-19 22:40:10,790 - __main__ - INFO - dg >> audio (960 bytes)
2026-05-19 22:40:10,792 - __main__ - INFO - dg << ConversationText
2026-05-19 22:40:10,794 - __main__ - INFO - dg << History
2026-05-19 22:40:10,794 - __main__ - INFO - dg >> audio (960 bytes)
2026-05-19 22:40:10,795 - __main__ - INFO - dg >> audio (960 bytes)
2026-05-19 22:40:10,796 - __main__ - INFO - dg >> audio (960 bytes)
2026-05-19 22:40:10,797 - __main__ - INFO - dg >> audio (960 bytes)
2026-05-19 22:40:10,798 - __main__ - INFO - dg >> audio (960 bytes)
2026-05-19 22:40:10,799 - __main__ - INFO - dg >> audio (960 bytes)
2026-05-19 22:40:10,800 - __main__ - INFO - dg >> audio (960 bytes)
2026-05-19 22:40:10,802 - __main__ - INFO - dg >> audio (960 bytes)
2026-05-19 22:40:10,803 - __main__ - INFO - dg >> audio (960 bytes)
2026-05-19 22:40:11,041 - __main__ - INFO - dg >> audio (960 bytes)
2026-05-19 22:40:11,049 - __main__ - INFO - dg >> audio (960 bytes)
2026-05-19 22:40:11,051 - __main__ - INFO - dg >> audio (960 bytes)
2026-05-19 22:40:11,068 - __main__ - INFO - dg >> audio (960 bytes)
2026-05-19 22:40:11,070 - __main__ - INFO - dg >> audio (960 bytes)
2026-05-19 22:40:11,071 - __main__ - INFO - dg >> audio (960 bytes)
2026-05-19 22:40:11,072 - __main__ - INFO - dg >> audio (960 bytes)
2026-05-19 22:40:11,074 - __main__ - INFO - dg >> audio (960 bytes)
2026-05-19 22:40:11,076 - __main__ - INFO - dg >> audio (960 bytes)
2026-05-19 22:40:11,077 - __main__ - INFO - dg >> audio (960 bytes)
2026-05-19 22:40:11,078 - __main__ - INFO - dg >> audio (960 bytes)
2026-05-19 22:40:11,079 - __main__ - INFO - dg >> audio (960 bytes)
2026-05-19 22:40:11,080 - __main__ - INFO - dg >> audio (960 bytes)
2026-05-19 22:40:11,081 - __main__ - INFO - dg >> audio (960 bytes)
2026-05-19 22:40:11,082 - __main__ - INFO - dg >> audio (960 bytes)
2026-05-19 22:40:11,083 - __main__ - INFO - dg >> audio (960 bytes)
2026-05-19 22:40:11,084 - __main__ - INFO - dg >> audio (960 bytes)
2026-05-19 22:40:11,085 - __main__ - INFO - dg >> audio (960 bytes)
2026-05-19 22:40:11,087 - __main__ - INFO - dg >> audio (960 bytes)
2026-05-19 22:40:11,088 - __main__ - INFO - dg >> audio (960 bytes)
2026-05-19 22:40:11,089 - __main__ - INFO - dg >> audio (960 bytes)
2026-05-19 22:40:11,090 - __main__ - INFO - dg >> audio (960 bytes)
2026-05-19 22:40:11,091 - __main__ - INFO - dg >> audio (960 bytes)
2026-05-19 22:40:11,092 - __main__ - INFO - dg >> audio (960 bytes)
2026-05-19 22:40:11,093 - __main__ - INFO - dg >> audio (960 bytes)
2026-05-19 22:40:11,094 - __main__ - INFO - dg >> audio (960 bytes)
2026-05-19 22:40:11,096 - __main__ - INFO - dg >> audio (960 bytes)
2026-05-19 22:40:11,097 - __main__ - INFO - dg >> audio (960 bytes)
2026-05-19 22:40:11,098 - __main__ - INFO - dg >> audio (960 bytes)
2026-05-19 22:40:11,099 - __main__ - INFO - dg >> audio (960 bytes)
2026-05-19 22:40:11,212 - __main__ - INFO - client >> audio (2730 bytes)
2026-05-19 22:40:11,289 - __main__ - INFO - client >> audio (2730 bytes)
2026-05-19 22:40:11,319 - __main__ - INFO - dg >> audio (960 bytes)
2026-05-19 22:40:11,321 - __main__ - INFO - dg >> audio (960 bytes)
2026-05-19 22:40:11,323 - __main__ - INFO - dg >> audio (960 bytes)
2026-05-19 22:40:11,324 - __main__ - INFO - dg >> audio (960 bytes)
2026-05-19 22:40:11,344 - __main__ - INFO - dg >> audio (960 bytes)
2026-05-19 22:40:11,346 - __main__ - INFO - dg >> audio (960 bytes)
2026-05-19 22:40:11,347 - __main__ - INFO - dg >> audio (960 bytes)
2026-05-19 22:40:11,349 - __main__ - INFO - dg >> audio (960 bytes)
2026-05-19 22:40:11,350 - __main__ - INFO - dg >> audio (960 bytes)
2026-05-19 22:40:11,351 - __main__ - INFO - dg >> audio (960 bytes)
2026-05-19 22:40:11,352 - __main__ - INFO - dg >> audio (960 bytes)
2026-05-19 22:40:11,353 - __main__ - INFO - dg >> audio (960 bytes)
2026-05-19 22:40:11,354 - __main__ - INFO - dg >> audio (960 bytes)
2026-05-19 22:40:11,355 - __main__ - INFO - dg >> audio (960 bytes)
2026-05-19 22:40:11,356 - __main__ - INFO - dg >> audio (960 bytes)
2026-05-19 22:40:11,359 - __main__ - INFO - dg >> audio (960 bytes)
2026-05-19 22:40:11,360 - __main__ - INFO - dg >> audio (960 bytes)
2026-05-19 22:40:11,361 - __main__ - INFO - dg >> audio (960 bytes)
2026-05-19 22:40:11,362 - __main__ - INFO - dg >> audio (960 bytes)
2026-05-19 22:40:11,363 - __main__ - INFO - dg >> audio (960 bytes)
2026-05-19 22:40:11,364 - __main__ - INFO - dg >> audio (960 bytes)
2026-05-19 22:40:11,365 - __main__ - INFO - dg >> audio (960 bytes)
2026-05-19 22:40:11,366 - __main__ - INFO - dg >> audio (960 bytes)
2026-05-19 22:40:11,367 - __main__ - INFO - dg >> audio (960 bytes)
2026-05-19 22:40:11,369 - __main__ - INFO - dg >> audio (960 bytes)
2026-05-19 22:40:11,370 - __main__ - INFO - dg >> audio (960 bytes)
2026-05-19 22:40:11,371 - __main__ - INFO - dg >> audio (960 bytes)
2026-05-19 22:40:11,372 - __main__ - INFO - dg >> audio (960 bytes)
2026-05-19 22:40:11,373 - __main__ - INFO - dg >> audio (960 bytes)
2026-05-19 22:40:11,374 - __main__ - INFO - dg >> audio (960 bytes)
2026-05-19 22:40:11,375 - __main__ - INFO - dg >> audio (960 bytes)
2026-05-19 22:40:11,376 - __main__ - INFO - dg >> audio (960 bytes)
2026-05-19 22:40:11,377 - __main__ - INFO - dg >> audio (960 bytes)
2026-05-19 22:40:11,378 - __main__ - INFO - dg >> audio (960 bytes)
2026-05-19 22:40:11,379 - __main__ - INFO - dg >> audio (960 bytes)
2026-05-19 22:40:11,380 - __main__ - INFO - dg >> audio (960 bytes)
2026-05-19 22:40:11,381 - __main__ - INFO - dg >> audio (960 bytes)
2026-05-19 22:40:11,382 - __main__ - INFO - dg >> audio (960 bytes)
2026-05-19 22:40:11,383 - __main__ - INFO - dg >> audio (960 bytes)
2026-05-19 22:40:11,384 - __main__ - INFO - dg >> audio (960 bytes)
2026-05-19 22:40:11,385 - __main__ - INFO - dg >> audio (960 bytes)
2026-05-19 22:40:11,386 - __main__ - INFO - dg >> audio (960 bytes)
2026-05-19 22:40:11,387 - __main__ - INFO - dg >> audio (960 bytes)
2026-05-19 22:40:11,389 - __main__ - INFO - dg >> audio (960 bytes)
2026-05-19 22:40:11,390 - __main__ - INFO - dg >> audio (960 bytes)
2026-05-19 22:40:11,391 - __main__ - INFO - dg >> audio (960 bytes)
2026-05-19 22:40:11,392 - __main__ - INFO - dg >> audio (960 bytes)
2026-05-19 22:40:11,393 - __main__ - INFO - dg >> audio (960 bytes)
2026-05-19 22:40:11,394 - __main__ - INFO - dg >> audio (960 bytes)
2026-05-19 22:40:11,395 - __main__ - INFO - dg >> audio (960 bytes)
2026-05-19 22:40:11,396 - __main__ - INFO - dg >> audio (960 bytes)
2026-05-19 22:40:11,397 - __main__ - INFO - dg >> audio (960 bytes)
2026-05-19 22:40:11,398 - __main__ - INFO - dg >> audio (960 bytes)
2026-05-19 22:40:11,399 - __main__ - INFO - dg >> audio (960 bytes)
2026-05-19 22:40:11,400 - __main__ - INFO - dg >> audio (960 bytes)
2026-05-19 22:40:11,401 - __main__ - INFO - dg >> audio (960 bytes)
2026-05-19 22:40:11,402 - __main__ - INFO - dg >> audio (960 bytes)
2026-05-19 22:40:11,403 - __main__ - INFO - dg >> audio (960 bytes)
2026-05-19 22:40:11,404 - __main__ - INFO - dg >> audio (960 bytes)
2026-05-19 22:40:11,554 - __main__ - INFO - client >> audio (2730 bytes)
2026-05-19 22:40:11,594 - __main__ - INFO - dg >> audio (960 bytes)
2026-05-19 22:40:11,597 - __main__ - INFO - dg >> audio (960 bytes)
2026-05-19 22:40:11,598 - __main__ - INFO - dg >> audio (960 bytes)
2026-05-19 22:40:11,600 - __main__ - INFO - dg >> audio (960 bytes)
2026-05-19 22:40:11,601 - __main__ - INFO - dg >> audio (960 bytes)
2026-05-19 22:40:11,602 - __main__ - INFO - dg >> audio (960 bytes)
2026-05-19 22:40:11,604 - __main__ - INFO - dg >> audio (960 bytes)
2026-05-19 22:40:11,605 - __main__ - INFO - dg >> audio (960 bytes)
2026-05-19 22:40:11,606 - __main__ - INFO - dg >> audio (960 bytes)
2026-05-19 22:40:11,607 - __main__ - INFO - dg >> audio (960 bytes)
2026-05-19 22:40:11,608 - __main__ - INFO - dg >> audio (960 bytes)
2026-05-19 22:40:11,610 - __main__ - INFO - dg >> audio (960 bytes)
2026-05-19 22:40:11,611 - __main__ - INFO - dg >> audio (960 bytes)
2026-05-19 22:40:11,620 - __main__ - INFO - dg >> audio (960 bytes)
2026-05-19 22:40:11,622 - __main__ - INFO - dg >> audio (960 bytes)
2026-05-19 22:40:11,623 - __main__ - INFO - dg >> audio (960 bytes)
2026-05-19 22:40:11,624 - __main__ - INFO - dg >> audio (960 bytes)
2026-05-19 22:40:11,625 - __main__ - INFO - dg >> audio (960 bytes)
2026-05-19 22:40:11,626 - __main__ - INFO - dg >> audio (960 bytes)
2026-05-19 22:40:11,627 - __main__ - INFO - dg >> audio (960 bytes)
2026-05-19 22:40:11,628 - __main__ - INFO - dg >> audio (960 bytes)
2026-05-19 22:40:11,629 - __main__ - INFO - dg >> audio (960 bytes)
2026-05-19 22:40:11,630 - __main__ - INFO - dg >> audio (960 bytes)
2026-05-19 22:40:11,633 - __main__ - INFO - dg >> audio (960 bytes)
2026-05-19 22:40:11,634 - __main__ - INFO - dg >> audio (960 bytes)
2026-05-19 22:40:11,635 - __main__ - INFO - dg >> audio (960 bytes)
2026-05-19 22:40:11,637 - __main__ - INFO - dg >> audio (960 bytes)
2026-05-19 22:40:11,638 - __main__ - INFO - dg >> audio (960 bytes)
2026-05-19 22:40:11,639 - __main__ - INFO - dg >> audio (960 bytes)
2026-05-19 22:40:11,640 - __main__ - INFO - dg >> audio (960 bytes)
2026-05-19 22:40:11,641 - __main__ - INFO - dg >> audio (960 bytes)
2026-05-19 22:40:11,642 - __main__ - INFO - dg >> audio (960 bytes)
2026-05-19 22:40:11,643 - __main__ - INFO - dg >> audio (960 bytes)
2026-05-19 22:40:11,644 - __main__ - INFO - dg >> audio (960 bytes)
2026-05-19 22:40:11,645 - __main__ - INFO - dg >> audio (960 bytes)
2026-05-19 22:40:11,646 - __main__ - INFO - dg >> audio (960 bytes)
2026-05-19 22:40:11,647 - __main__ - INFO - dg >> audio (960 bytes)
2026-05-19 22:40:11,648 - __main__ - INFO - dg >> audio (960 bytes)
2026-05-19 22:40:11,648 - __main__ - INFO - dg >> audio (960 bytes)
2026-05-19 22:40:11,649 - __main__ - INFO - dg >> audio (960 bytes)
2026-05-19 22:40:11,650 - __main__ - INFO - dg >> audio (960 bytes)
2026-05-19 22:40:11,651 - __main__ - INFO - dg >> audio (960 bytes)
2026-05-19 22:40:11,652 - __main__ - INFO - dg >> audio (960 bytes)
2026-05-19 22:40:11,653 - __main__ - INFO - dg >> audio (960 bytes)
2026-05-19 22:40:11,654 - __main__ - INFO - dg >> audio (960 bytes)
2026-05-19 22:40:11,655 - __main__ - INFO - dg >> audio (960 bytes)
2026-05-19 22:40:11,656 - __main__ - INFO - dg >> audio (960 bytes)
2026-05-19 22:40:11,658 - __main__ - INFO - dg >> audio (960 bytes)
2026-05-19 22:40:11,659 - __main__ - INFO - dg >> audio (960 bytes)
2026-05-19 22:40:11,660 - __main__ - INFO - dg >> audio (960 bytes)
2026-05-19 22:40:11,661 - __main__ - INFO - dg >> audio (960 bytes)
2026-05-19 22:40:11,662 - __main__ - INFO - dg >> audio (960 bytes)
2026-05-19 22:40:11,663 - __main__ - INFO - dg >> audio (960 bytes)
2026-05-19 22:40:11,664 - __main__ - INFO - dg >> audio (960 bytes)
2026-05-19 22:40:11,665 - __main__ - INFO - dg >> audio (960 bytes)
2026-05-19 22:40:11,667 - __main__ - INFO - dg >> audio (960 bytes)
2026-05-19 22:40:11,668 - __main__ - INFO - dg >> audio (960 bytes)
2026-05-19 22:40:11,669 - __main__ - INFO - dg >> audio (960 bytes)
2026-05-19 22:40:11,670 - __main__ - INFO - dg >> audio (960 bytes)
2026-05-19 22:40:11,671 - __main__ - INFO - dg >> audio (960 bytes)
2026-05-19 22:40:11,672 - __main__ - INFO - dg >> audio (960 bytes)
2026-05-19 22:40:11,673 - __main__ - INFO - dg >> audio (960 bytes)
2026-05-19 22:40:11,674 - __main__ - INFO - dg >> audio (960 bytes)
2026-05-19 22:40:11,675 - __main__ - INFO - dg >> audio (960 bytes)
2026-05-19 22:40:11,676 - __main__ - INFO - dg >> audio (960 bytes)
2026-05-19 22:40:11,677 - __main__ - INFO - dg >> audio (960 bytes)
2026-05-19 22:40:11,678 - __main__ - INFO - dg >> audio (960 bytes)
2026-05-19 22:40:11,678 - __main__ - INFO - dg >> audio (960 bytes)
2026-05-19 22:40:11,679 - __main__ - INFO - dg >> audio (960 bytes)
2026-05-19 22:40:11,680 - __main__ - INFO - dg >> audio (960 bytes)
2026-05-19 22:40:11,681 - __main__ - INFO - dg >> audio (960 bytes)
2026-05-19 22:40:11,682 - __main__ - INFO - dg >> audio (960 bytes)
2026-05-19 22:40:11,683 - __main__ - INFO - dg >> audio (960 bytes)
2026-05-19 22:40:11,684 - __main__ - INFO - dg >> audio (960 bytes)
2026-05-19 22:40:11,685 - __main__ - INFO - dg >> audio (960 bytes)
2026-05-19 22:40:11,686 - __main__ - INFO - dg >> audio (960 bytes)
2026-05-19 22:40:11,688 - __main__ - INFO - dg >> audio (960 bytes)
2026-05-19 22:40:11,689 - __main__ - INFO - dg >> audio (960 bytes)
2026-05-19 22:40:11,690 - __main__ - INFO - dg >> audio (960 bytes)
2026-05-19 22:40:11,691 - __main__ - INFO - dg >> audio (960 bytes)
2026-05-19 22:40:11,692 - __main__ - INFO - dg >> audio (960 bytes)
2026-05-19 22:40:11,693 - __main__ - INFO - dg >> audio (960 bytes)
2026-05-19 22:40:11,694 - __main__ - INFO - dg >> audio (960 bytes)
2026-05-19 22:40:11,695 - __main__ - INFO - dg >> audio (960 bytes)
2026-05-19 22:40:11,696 - __main__ - INFO - dg >> audio (960 bytes)
2026-05-19 22:40:11,698 - __main__ - INFO - dg >> audio (960 bytes)
2026-05-19 22:40:11,699 - __main__ - INFO - dg >> audio (960 bytes)
2026-05-19 22:40:11,700 - __main__ - INFO - dg >> audio (960 bytes)
2026-05-19 22:40:11,701 - __main__ - INFO - dg >> audio (960 bytes)
2026-05-19 22:40:11,702 - __main__ - INFO - dg >> audio (960 bytes)
2026-05-19 22:40:11,703 - __main__ - INFO - dg >> audio (960 bytes)
2026-05-19 22:40:11,704 - __main__ - INFO - dg >> audio (960 bytes)
2026-05-19 22:40:11,706 - __main__ - INFO - dg >> audio (960 bytes)
2026-05-19 22:40:11,709 - __main__ - INFO - dg >> audio (960 bytes)
2026-05-19 22:40:11,711 - __main__ - INFO - dg >> audio (960 bytes)
2026-05-19 22:40:11,712 - __main__ - INFO - dg >> audio (960 bytes)
2026-05-19 22:40:11,713 - __main__ - INFO - dg >> audio (960 bytes)
2026-05-19 22:40:11,715 - __main__ - INFO - dg >> audio (960 bytes)
2026-05-19 22:40:11,716 - __main__ - INFO - dg >> audio (960 bytes)
2026-05-19 22:40:11,717 - __main__ - INFO - dg >> audio (960 bytes)
2026-05-19 22:40:11,718 - __main__ - INFO - dg >> audio (960 bytes)
2026-05-19 22:40:11,719 - __main__ - INFO - dg >> audio (960 bytes)
2026-05-19 22:40:11,720 - __main__ - INFO - dg >> audio (960 bytes)
2026-05-19 22:40:11,721 - __main__ - INFO - dg >> audio (960 bytes)
2026-05-19 22:40:11,722 - __main__ - INFO - dg >> audio (960 bytes)
2026-05-19 22:40:11,723 - __main__ - INFO - dg >> audio (960 bytes)
2026-05-19 22:40:11,724 - __main__ - INFO - dg >> audio (960 bytes)
2026-05-19 22:40:11,725 - __main__ - INFO - dg >> audio (960 bytes)
2026-05-19 22:40:11,726 - __main__ - INFO - dg >> audio (960 bytes)
2026-05-19 22:40:11,727 - __main__ - INFO - dg >> audio (960 bytes)
2026-05-19 22:40:11,761 - __main__ - INFO - client >> audio (2730 bytes)
2026-05-19 22:40:11,871 - __main__ - INFO - dg >> audio (960 bytes)
2026-05-19 22:40:11,876 - __main__ - INFO - dg >> audio (960 bytes)
2026-05-19 22:40:11,878 - __main__ - INFO - dg >> audio (960 bytes)
2026-05-19 22:40:11,879 - __main__ - INFO - dg >> audio (960 bytes)
2026-05-19 22:40:11,880 - __main__ - INFO - dg >> audio (960 bytes)
2026-05-19 22:40:11,881 - __main__ - INFO - dg >> audio (960 bytes)
2026-05-19 22:40:11,882 - __main__ - INFO - dg >> audio (960 bytes)
2026-05-19 22:40:11,883 - __main__ - INFO - dg >> audio (960 bytes)
2026-05-19 22:40:11,884 - __main__ - INFO - dg >> audio (960 bytes)
2026-05-19 22:40:11,885 - __main__ - INFO - dg >> audio (960 bytes)
2026-05-19 22:40:11,887 - __main__ - INFO - dg >> audio (960 bytes)
2026-05-19 22:40:11,888 - __main__ - INFO - dg >> audio (960 bytes)
2026-05-19 22:40:11,889 - __main__ - INFO - dg >> audio (960 bytes)
2026-05-19 22:40:11,890 - __main__ - INFO - dg >> audio (960 bytes)
2026-05-19 22:40:11,891 - __main__ - INFO - dg >> audio (960 bytes)
2026-05-19 22:40:11,892 - __main__ - INFO - dg >> audio (960 bytes)
2026-05-19 22:40:11,893 - __main__ - INFO - dg >> audio (960 bytes)
2026-05-19 22:40:11,895 - __main__ - INFO - dg >> audio (960 bytes)
2026-05-19 22:40:11,896 - __main__ - INFO - dg >> audio (960 bytes)
2026-05-19 22:40:11,898 - __main__ - INFO - dg >> audio (960 bytes)
2026-05-19 22:40:11,899 - __main__ - INFO - dg >> audio (960 bytes)
2026-05-19 22:40:11,900 - __main__ - INFO - dg >> audio (960 bytes)
2026-05-19 22:40:11,901 - __main__ - INFO - dg >> audio (960 bytes)
2026-05-19 22:40:11,902 - __main__ - INFO - dg >> audio (960 bytes)
2026-05-19 22:40:11,903 - __main__ - INFO - dg >> audio (960 bytes)
2026-05-19 22:40:11,904 - __main__ - INFO - dg >> audio (960 bytes)
2026-05-19 22:40:11,906 - __main__ - INFO - dg >> audio (960 bytes)
2026-05-19 22:40:11,907 - __main__ - INFO - dg >> audio (960 bytes)
2026-05-19 22:40:11,908 - __main__ - INFO - dg >> audio (960 bytes)
2026-05-19 22:40:11,909 - __main__ - INFO - dg >> audio (960 bytes)
2026-05-19 22:40:11,910 - __main__ - INFO - dg >> audio (960 bytes)
2026-05-19 22:40:11,911 - __main__ - INFO - dg >> audio (960 bytes)
2026-05-19 22:40:11,912 - __main__ - INFO - dg >> audio (960 bytes)
2026-05-19 22:40:11,913 - __main__ - INFO - dg >> audio (960 bytes)
2026-05-19 22:40:11,917 - __main__ - INFO - client >> audio (2730 bytes)
2026-05-19 22:40:11,918 - __main__ - INFO - dg >> audio (960 bytes)
2026-05-19 22:40:11,920 - __main__ - INFO - dg >> audio (960 bytes)
2026-05-19 22:40:11,921 - __main__ - INFO - dg >> audio (960 bytes)
2026-05-19 22:40:11,922 - __main__ - INFO - dg >> audio (960 bytes)
2026-05-19 22:40:11,923 - __main__ - INFO - dg >> audio (960 bytes)
2026-05-19 22:40:11,924 - __main__ - INFO - dg >> audio (960 bytes)
2026-05-19 22:40:11,925 - __main__ - INFO - dg >> audio (960 bytes)
2026-05-19 22:40:11,926 - __main__ - INFO - dg >> audio (960 bytes)
2026-05-19 22:40:11,927 - __main__ - INFO - dg >> audio (960 bytes)
2026-05-19 22:40:11,928 - __main__ - INFO - dg >> audio (960 bytes)
2026-05-19 22:40:11,929 - __main__ - INFO - dg >> audio (960 bytes)
2026-05-19 22:40:11,930 - __main__ - INFO - dg >> audio (960 bytes)
2026-05-19 22:40:11,931 - __main__ - INFO - dg >> audio (960 bytes)
2026-05-19 22:40:11,932 - __main__ - INFO - dg >> audio (960 bytes)
2026-05-19 22:40:11,933 - __main__ - INFO - dg >> audio (960 bytes)
2026-05-19 22:40:11,934 - __main__ - INFO - dg >> audio (960 bytes)
2026-05-19 22:40:11,935 - __main__ - INFO - dg >> audio (960 bytes)
2026-05-19 22:40:11,936 - __main__ - INFO - dg >> audio (960 bytes)
2026-05-19 22:40:11,937 - __main__ - INFO - dg >> audio (960 bytes)
2026-05-19 22:40:11,938 - __main__ - INFO - dg >> audio (960 bytes)
2026-05-19 22:40:11,939 - __main__ - INFO - dg >> audio (960 bytes)
2026-05-19 22:40:11,940 - __main__ - INFO - dg >> audio (960 bytes)
2026-05-19 22:40:11,941 - __main__ - INFO - dg >> audio (960 bytes)
2026-05-19 22:40:11,942 - __main__ - INFO - dg >> audio (960 bytes)
2026-05-19 22:40:11,943 - __main__ - INFO - dg >> audio (960 bytes)
2026-05-19 22:40:11,944 - __main__ - INFO - dg >> audio (960 bytes)
2026-05-19 22:40:11,945 - __main__ - INFO - dg >> audio (960 bytes)
2026-05-19 22:40:11,946 - __main__ - INFO - dg >> audio (960 bytes)
2026-05-19 22:40:11,947 - __main__ - INFO - dg >> audio (960 bytes)
2026-05-19 22:40:11,948 - __main__ - INFO - dg >> audio (960 bytes)
2026-05-19 22:40:11,949 - __main__ - INFO - dg >> audio (960 bytes)
2026-05-19 22:40:11,950 - __main__ - INFO - dg >> audio (960 bytes)
2026-05-19 22:40:11,951 - __main__ - INFO - dg >> audio (960 bytes)
2026-05-19 22:40:11,952 - __main__ - INFO - dg >> audio (960 bytes)
2026-05-19 22:40:11,953 - __main__ - INFO - dg >> audio (960 bytes)
2026-05-19 22:40:11,954 - __main__ - INFO - dg >> audio (960 bytes)
2026-05-19 22:40:11,955 - __main__ - INFO - dg >> audio (960 bytes)
2026-05-19 22:40:11,955 - __main__ - INFO - dg >> audio (960 bytes)
2026-05-19 22:40:11,957 - __main__ - INFO - dg >> audio (960 bytes)
2026-05-19 22:40:11,958 - __main__ - INFO - dg >> audio (960 bytes)
2026-05-19 22:40:11,959 - __main__ - INFO - dg >> audio (960 bytes)
2026-05-19 22:40:11,960 - __main__ - INFO - dg >> audio (960 bytes)
2026-05-19 22:40:11,961 - __main__ - INFO - dg >> audio (960 bytes)
2026-05-19 22:40:11,962 - __main__ - INFO - dg >> audio (960 bytes)
2026-05-19 22:40:11,963 - __main__ - INFO - dg >> audio (960 bytes)
2026-05-19 22:40:11,964 - __main__ - INFO - dg >> audio (960 bytes)
2026-05-19 22:40:11,965 - __main__ - INFO - dg >> audio (960 bytes)
2026-05-19 22:40:11,966 - __main__ - INFO - dg >> audio (960 bytes)
2026-05-19 22:40:11,968 - __main__ - INFO - dg >> audio (960 bytes)
2026-05-19 22:40:11,969 - __main__ - INFO - dg >> audio (960 bytes)
2026-05-19 22:40:11,970 - __main__ - INFO - dg >> audio (960 bytes)
2026-05-19 22:40:11,971 - __main__ - INFO - dg >> audio (960 bytes)
2026-05-19 22:40:11,972 - __main__ - INFO - dg >> audio (960 bytes)
2026-05-19 22:40:11,973 - __main__ - INFO - dg >> audio (960 bytes)
2026-05-19 22:40:11,974 - __main__ - INFO - dg >> audio (960 bytes)
2026-05-19 22:40:11,975 - __main__ - INFO - dg >> audio (960 bytes)
2026-05-19 22:40:11,976 - __main__ - INFO - dg >> audio (960 bytes)
2026-05-19 22:40:11,977 - __main__ - INFO - dg >> audio (960 bytes)
2026-05-19 22:40:11,978 - __main__ - INFO - dg >> audio (960 bytes)
2026-05-19 22:40:11,980 - __main__ - INFO - dg >> audio (960 bytes)
2026-05-19 22:40:11,981 - __main__ - INFO - dg >> audio (960 bytes)
2026-05-19 22:40:11,982 - __main__ - INFO - dg >> audio (960 bytes)
2026-05-19 22:40:11,983 - __main__ - INFO - dg >> audio (960 bytes)
2026-05-19 22:40:11,984 - __main__ - INFO - dg >> audio (960 bytes)
2026-05-19 22:40:11,985 - __main__ - INFO - dg >> audio (960 bytes)
2026-05-19 22:40:11,986 - __main__ - INFO - dg >> audio (960 bytes)
2026-05-19 22:40:11,987 - __main__ - INFO - dg >> audio (960 bytes)
2026-05-19 22:40:11,988 - __main__ - INFO - dg >> audio (960 bytes)
2026-05-19 22:40:11,990 - __main__ - INFO - dg >> audio (960 bytes)
2026-05-19 22:40:11,991 - __main__ - INFO - dg >> audio (960 bytes)
2026-05-19 22:40:11,992 - __main__ - INFO - dg >> audio (960 bytes)
2026-05-19 22:40:11,993 - __main__ - INFO - dg >> audio (960 bytes)
2026-05-19 22:40:11,995 - __main__ - INFO - dg >> audio (960 bytes)
2026-05-19 22:40:11,996 - __main__ - INFO - dg >> audio (960 bytes)
2026-05-19 22:40:11,997 - __main__ - INFO - dg >> audio (960 bytes)
2026-05-19 22:40:11,998 - __main__ - INFO - dg >> audio (960 bytes)
2026-05-19 22:40:11,999 - __main__ - INFO - dg >> audio (960 bytes)
2026-05-19 22:40:12,001 - __main__ - INFO - dg >> audio (960 bytes)
2026-05-19 22:40:12,002 - __main__ - INFO - dg >> audio (960 bytes)
2026-05-19 22:40:12,003 - __main__ - INFO - dg >> audio (960 bytes)
2026-05-19 22:40:12,004 - __main__ - INFO - dg >> audio (960 bytes)
2026-05-19 22:40:12,005 - __main__ - INFO - dg >> audio (960 bytes)
2026-05-19 22:40:12,006 - __main__ - INFO - dg >> audio (960 bytes)
2026-05-19 22:40:12,007 - __main__ - INFO - dg >> audio (960 bytes)
2026-05-19 22:40:12,008 - __main__ - INFO - dg >> audio (960 bytes)
2026-05-19 22:40:12,009 - __main__ - INFO - dg >> audio (960 bytes)
2026-05-19 22:40:12,010 - __main__ - INFO - dg >> audio (960 bytes)
2026-05-19 22:40:12,011 - __main__ - INFO - dg >> audio (960 bytes)
2026-05-19 22:40:12,012 - __main__ - INFO - dg >> audio (960 bytes)
2026-05-19 22:40:12,013 - __main__ - INFO - dg >> audio (960 bytes)
2026-05-19 22:40:12,014 - __main__ - INFO - dg >> audio (960 bytes)
2026-05-19 22:40:12,015 - __main__ - INFO - dg >> audio (960 bytes)
2026-05-19 22:40:12,016 - __main__ - INFO - dg >> audio (960 bytes)
2026-05-19 22:40:12,017 - __main__ - INFO - dg >> audio (960 bytes)
2026-05-19 22:40:12,018 - __main__ - INFO - dg >> audio (960 bytes)
2026-05-19 22:40:12,019 - __main__ - INFO - dg >> audio (960 bytes)
2026-05-19 22:40:12,020 - __main__ - INFO - dg >> audio (960 bytes)
2026-05-19 22:40:12,021 - __main__ - INFO - dg >> audio (960 bytes)
2026-05-19 22:40:12,021 - __main__ - INFO - dg >> audio (960 bytes)
2026-05-19 22:40:12,022 - __main__ - INFO - dg >> audio (102 bytes)
2026-05-19 22:40:12,023 - __main__ - INFO - dg << AgentAudioDone
2026-05-19 22:40:12,024 - __main__ - INFO - forwarding AgentAudioDone to client
2026-05-19 22:40:12,025 - __main__ - INFO - dg << UserStartedSpeaking
2026-05-19 22:40:12,026 - __main__ - INFO - barge-in detected
2026-05-19 22:40:12,140 - __main__ - INFO - client >> audio (2730 bytes)
2026-05-19 22:40:12,207 - __main__ - INFO - client >> audio (2730 bytes)
2026-05-19 22:40:12,295 - __main__ - INFO - client >> audio (2730 bytes)
2026-05-19 22:40:12,340 - __main__ - INFO - dg << ConversationText
2026-05-19 22:40:12,342 - __main__ - INFO - dg << History
2026-05-19 22:40:12,392 - __main__ - INFO - client >> audio (2730 bytes)
2026-05-19 22:40:12,463 - __main__ - INFO - client >> audio (2730 bytes)
2026-05-19 22:40:12,550 - __main__ - INFO - client >> audio (2730 bytes)
2026-05-19 22:40:12,637 - __main__ - INFO - client >> audio (2730 bytes)
2026-05-19 22:40:12,744 - __main__ - INFO - client >> audio (2730 bytes)
2026-05-19 22:40:12,803 - __main__ - INFO - dg >> audio (960 bytes)
2026-05-19 22:40:12,805 - __main__ - INFO - dg << ConversationText
2026-05-19 22:40:12,806 - __main__ - INFO - dg << History
2026-05-19 22:40:12,807 - __main__ - INFO - dg >> audio (960 bytes)
2026-05-19 22:40:12,809 - __main__ - INFO - dg >> audio (960 bytes)
2026-05-19 22:40:12,810 - __main__ - INFO - dg >> audio (960 bytes)
2026-05-19 22:40:12,811 - __main__ - INFO - dg >> audio (960 bytes)
2026-05-19 22:40:12,812 - __main__ - INFO - dg >> audio (960 bytes)
2026-05-19 22:40:12,813 - __main__ - INFO - dg >> audio (960 bytes)
2026-05-19 22:40:12,815 - __main__ - INFO - dg >> audio (960 bytes)
2026-05-19 22:40:12,816 - __main__ - INFO - dg >> audio (960 bytes)
2026-05-19 22:40:12,818 - __main__ - INFO - dg >> audio (960 bytes)
2026-05-19 22:40:12,819 - __main__ - INFO - dg >> audio (960 bytes)
2026-05-19 22:40:12,820 - __main__ - INFO - dg >> audio (586 bytes)
2026-05-19 22:40:12,821 - __main__ - INFO - client >> audio (2730 bytes)
2026-05-19 22:40:13,086 - __main__ - INFO - client >> audio (2730 bytes)
2026-05-19 22:40:13,152 - __main__ - INFO - dg >> audio (960 bytes)
2026-05-19 22:40:13,155 - __main__ - INFO - client >> audio (2730 bytes)
2026-05-19 22:40:13,157 - __main__ - INFO - dg << ConversationText
2026-05-19 22:40:13,158 - __main__ - INFO - dg << History
2026-05-19 22:40:13,159 - __main__ - INFO - dg >> audio (960 bytes)
2026-05-19 22:40:13,161 - __main__ - INFO - dg >> audio (960 bytes)
2026-05-19 22:40:13,162 - __main__ - INFO - dg >> audio (960 bytes)
2026-05-19 22:40:13,163 - __main__ - INFO - dg >> audio (960 bytes)
2026-05-19 22:40:13,164 - __main__ - INFO - dg >> audio (960 bytes)
2026-05-19 22:40:13,165 - __main__ - INFO - dg >> audio (960 bytes)
2026-05-19 22:40:13,166 - __main__ - INFO - dg >> audio (960 bytes)
2026-05-19 22:40:13,167 - __main__ - INFO - dg >> audio (960 bytes)
2026-05-19 22:40:13,168 - __main__ - INFO - dg >> audio (960 bytes)
2026-05-19 22:40:13,169 - __main__ - INFO - dg >> audio (960 bytes)
2026-05-19 22:40:13,170 - __main__ - INFO - dg >> audio (960 bytes)
2026-05-19 22:40:13,171 - __main__ - INFO - dg >> audio (960 bytes)
2026-05-19 22:40:13,172 - __main__ - INFO - dg >> audio (960 bytes)
2026-05-19 22:40:13,175 - __main__ - INFO - dg >> audio (960 bytes)
2026-05-19 22:40:13,177 - __main__ - INFO - dg >> audio (960 bytes)
2026-05-19 22:40:13,178 - __main__ - INFO - dg >> audio (960 bytes)
2026-05-19 22:40:13,179 - __main__ - INFO - dg >> audio (960 bytes)
2026-05-19 22:40:13,180 - __main__ - INFO - dg >> audio (960 bytes)
2026-05-19 22:40:13,181 - __main__ - INFO - dg >> audio (960 bytes)
2026-05-19 22:40:13,182 - __main__ - INFO - dg >> audio (960 bytes)
2026-05-19 22:40:13,183 - __main__ - INFO - dg >> audio (960 bytes)
2026-05-19 22:40:13,183 - __main__ - INFO - dg >> audio (960 bytes)
2026-05-19 22:40:13,185 - __main__ - INFO - dg >> audio (960 bytes)
2026-05-19 22:40:13,185 - __main__ - INFO - dg >> audio (960 bytes)
2026-05-19 22:40:13,186 - __main__ - INFO - dg >> audio (960 bytes)
2026-05-19 22:40:13,187 - __main__ - INFO - dg >> audio (960 bytes)
2026-05-19 22:40:13,188 - __main__ - INFO - dg >> audio (960 bytes)
2026-05-19 22:40:13,189 - __main__ - INFO - dg >> audio (960 bytes)
2026-05-19 22:40:13,190 - __main__ - INFO - dg >> audio (960 bytes)
2026-05-19 22:40:13,191 - __main__ - INFO - dg >> audio (960 bytes)
2026-05-19 22:40:13,192 - __main__ - INFO - dg >> audio (960 bytes)
2026-05-19 22:40:13,193 - __main__ - INFO - dg >> audio (960 bytes)
2026-05-19 22:40:13,194 - __main__ - INFO - dg >> audio (960 bytes)
2026-05-19 22:40:13,195 - __main__ - INFO - dg >> audio (960 bytes)
2026-05-19 22:40:13,196 - __main__ - INFO - dg >> audio (960 bytes)
2026-05-19 22:40:13,197 - __main__ - INFO - dg >> audio (960 bytes)
2026-05-19 22:40:13,198 - __main__ - INFO - dg >> audio (960 bytes)
2026-05-19 22:40:13,200 - __main__ - INFO - dg >> audio (960 bytes)
2026-05-19 22:40:13,201 - __main__ - INFO - dg >> audio (960 bytes)
2026-05-19 22:40:13,202 - __main__ - INFO - dg >> audio (960 bytes)
2026-05-19 22:40:13,203 - __main__ - INFO - dg >> audio (960 bytes)
2026-05-19 22:40:13,204 - __main__ - INFO - dg >> audio (960 bytes)
2026-05-19 22:40:13,205 - __main__ - INFO - dg >> audio (960 bytes)
2026-05-19 22:40:13,206 - __main__ - INFO - dg >> audio (960 bytes)
2026-05-19 22:40:13,207 - __main__ - INFO - dg >> audio (960 bytes)
2026-05-19 22:40:13,208 - __main__ - INFO - dg >> audio (960 bytes)
2026-05-19 22:40:13,209 - __main__ - INFO - dg >> audio (960 bytes)
2026-05-19 22:40:13,210 - __main__ - INFO - dg >> audio (960 bytes)
2026-05-19 22:40:13,211 - __main__ - INFO - dg >> audio (960 bytes)
2026-05-19 22:40:13,212 - __main__ - INFO - dg >> audio (960 bytes)
2026-05-19 22:40:13,213 - __main__ - INFO - dg >> audio (960 bytes)
2026-05-19 22:40:13,214 - __main__ - INFO - dg >> audio (960 bytes)
2026-05-19 22:40:13,215 - __main__ - INFO - dg >> audio (960 bytes)
2026-05-19 22:40:13,216 - __main__ - INFO - dg >> audio (960 bytes)
2026-05-19 22:40:13,217 - __main__ - INFO - dg >> audio (960 bytes)
2026-05-19 22:40:13,219 - __main__ - INFO - dg >> audio (960 bytes)
2026-05-19 22:40:13,220 - __main__ - INFO - dg >> audio (960 bytes)
2026-05-19 22:40:13,220 - __main__ - INFO - dg >> audio (960 bytes)
2026-05-19 22:40:13,222 - __main__ - INFO - dg >> audio (960 bytes)
2026-05-19 22:40:13,223 - __main__ - INFO - dg >> audio (960 bytes)
2026-05-19 22:40:13,224 - __main__ - INFO - dg >> audio (960 bytes)
2026-05-19 22:40:13,225 - __main__ - INFO - dg >> audio (960 bytes)
2026-05-19 22:40:13,226 - __main__ - INFO - dg >> audio (960 bytes)
2026-05-19 22:40:13,227 - __main__ - INFO - dg >> audio (960 bytes)
2026-05-19 22:40:13,228 - __main__ - INFO - dg >> audio (960 bytes)
2026-05-19 22:40:13,229 - __main__ - INFO - dg >> audio (960 bytes)
2026-05-19 22:40:13,231 - __main__ - INFO - dg >> audio (960 bytes)
2026-05-19 22:40:13,232 - __main__ - INFO - dg >> audio (960 bytes)
2026-05-19 22:40:13,232 - __main__ - INFO - dg >> audio (960 bytes)
2026-05-19 22:40:13,234 - __main__ - INFO - dg >> audio (960 bytes)
2026-05-19 22:40:13,236 - __main__ - INFO - dg >> audio (960 bytes)
2026-05-19 22:40:13,236 - __main__ - INFO - dg >> audio (960 bytes)
2026-05-19 22:40:13,238 - __main__ - INFO - dg >> audio (960 bytes)
2026-05-19 22:40:13,239 - __main__ - INFO - dg >> audio (960 bytes)
2026-05-19 22:40:13,240 - __main__ - INFO - dg >> audio (960 bytes)
2026-05-19 22:40:13,241 - __main__ - INFO - dg >> audio (960 bytes)
2026-05-19 22:40:13,242 - __main__ - INFO - dg >> audio (960 bytes)
2026-05-19 22:40:13,243 - __main__ - INFO - dg >> audio (960 bytes)
2026-05-19 22:40:13,244 - __main__ - INFO - dg >> audio (960 bytes)
2026-05-19 22:40:13,246 - __main__ - INFO - dg >> audio (960 bytes)
2026-05-19 22:40:13,247 - __main__ - INFO - dg >> audio (960 bytes)
2026-05-19 22:40:13,248 - __main__ - INFO - dg >> audio (960 bytes)
2026-05-19 22:40:13,249 - __main__ - INFO - dg >> audio (960 bytes)
2026-05-19 22:40:13,250 - __main__ - INFO - dg >> audio (960 bytes)
2026-05-19 22:40:13,251 - __main__ - INFO - dg >> audio (960 bytes)
2026-05-19 22:40:13,252 - __main__ - INFO - dg >> audio (960 bytes)
2026-05-19 22:40:13,254 - __main__ - INFO - dg >> audio (960 bytes)
2026-05-19 22:40:13,255 - __main__ - INFO - dg >> audio (960 bytes)
2026-05-19 22:40:13,256 - __main__ - INFO - dg >> audio (960 bytes)
2026-05-19 22:40:13,257 - __main__ - INFO - dg >> audio (960 bytes)
2026-05-19 22:40:13,257 - __main__ - INFO - dg >> audio (960 bytes)
2026-05-19 22:40:13,258 - __main__ - INFO - dg >> audio (960 bytes)
2026-05-19 22:40:13,259 - __main__ - INFO - dg >> audio (960 bytes)
2026-05-19 22:40:13,261 - __main__ - INFO - dg >> audio (960 bytes)
2026-05-19 22:40:13,262 - __main__ - INFO - dg >> audio (960 bytes)
2026-05-19 22:40:13,263 - __main__ - INFO - dg >> audio (960 bytes)
2026-05-19 22:40:13,264 - __main__ - INFO - dg >> audio (960 bytes)
2026-05-19 22:40:13,266 - __main__ - INFO - dg >> audio (960 bytes)
2026-05-19 22:40:13,268 - __main__ - INFO - dg >> audio (960 bytes)
2026-05-19 22:40:13,270 - __main__ - INFO - dg >> audio (960 bytes)
2026-05-19 22:40:13,271 - __main__ - INFO - dg >> audio (960 bytes)
2026-05-19 22:40:13,272 - __main__ - INFO - dg >> audio (960 bytes)
2026-05-19 22:40:13,273 - __main__ - INFO - dg >> audio (960 bytes)
2026-05-19 22:40:13,274 - __main__ - INFO - dg >> audio (960 bytes)
2026-05-19 22:40:13,276 - __main__ - INFO - dg >> audio (960 bytes)
2026-05-19 22:40:13,277 - __main__ - INFO - dg >> audio (960 bytes)
2026-05-19 22:40:13,278 - __main__ - INFO - dg >> audio (960 bytes)
2026-05-19 22:40:13,279 - __main__ - INFO - dg >> audio (716 bytes)
2026-05-19 22:40:13,280 - __main__ - INFO - dg << AgentAudioDone
2026-05-19 22:40:13,281 - __main__ - INFO - forwarding AgentAudioDone to client
2026-05-19 22:40:13,429 - __main__ - INFO - client >> audio (2730 bytes)
2026-05-19 22:40:13,495 - __main__ - INFO - client >> audio (2730 bytes)
2026-05-19 22:40:13,573 - __main__ - INFO - client >> audio (2730 bytes)
2026-05-19 22:40:13,661 - __main__ - INFO - client >> audio (2730 bytes)
2026-05-19 22:40:13,745 - __main__ - INFO - client >> audio (2730 bytes)
2026-05-19 22:40:13,841 - __main__ - INFO - client >> audio (2730 bytes)
2026-05-19 22:40:13,927 - __main__ - INFO - client >> audio (2730 bytes)
2026-05-19 22:40:14,002 - __main__ - INFO - client >> audio (2730 bytes)
2026-05-19 22:40:14,085 - __main__ - INFO - client >> audio (2730 bytes)
2026-05-19 22:40:14,173 - __main__ - INFO - client >> audio (2730 bytes)
2026-05-19 22:40:14,269 - __main__ - INFO - client >> audio (2730 bytes)
2026-05-19 22:40:14,356 - __main__ - INFO - client >> audio (2730 bytes)
2026-05-19 22:40:14,428 - __main__ - INFO - client >> audio (2730 bytes)
2026-05-19 22:40:14,515 - __main__ - INFO - client >> audio (2730 bytes)
2026-05-19 22:40:14,602 - __main__ - INFO - client >> audio (2730 bytes)
2026-05-19 22:40:14,688 - __main__ - INFO - client >> audio (2730 bytes)
2026-05-19 22:40:14,767 - __main__ - INFO - client >> audio (2730 bytes)
2026-05-19 22:40:14,864 - __main__ - INFO - client >> audio (2730 bytes)
2026-05-19 22:40:14,951 - __main__ - INFO - client >> audio (2730 bytes)
2026-05-19 22:40:15,040 - __main__ - INFO - client >> audio (2730 bytes)
2026-05-19 22:40:15,109 - __main__ - INFO - client >> audio (2730 bytes)
2026-05-19 22:40:15,206 - __main__ - INFO - client >> audio (2730 bytes)
2026-05-19 22:40:15,289 - __main__ - INFO - client >> audio (2730 bytes)
2026-05-19 22:40:15,367 - __main__ - INFO - client >> audio (2730 bytes)
2026-05-19 22:40:15,452 - __main__ - INFO - client >> audio (2730 bytes)
2026-05-19 22:40:15,536 - __main__ - INFO - client >> audio (2730 bytes)
2026-05-19 22:40:15,621 - __main__ - INFO - client >> audio (2730 bytes)
2026-05-19 22:40:15,712 - __main__ - INFO - client >> audio (2730 bytes)
2026-05-19 22:40:15,792 - __main__ - INFO - client >> audio (2730 bytes)
2026-05-19 22:40:15,877 - __main__ - INFO - client >> audio (2730 bytes)
2026-05-19 22:40:15,965 - __main__ - INFO - client >> audio (2730 bytes)
2026-05-19 22:40:16,048 - __main__ - INFO - client >> audio (2730 bytes)
2026-05-19 22:40:16,133 - __main__ - INFO - client >> audio (2730 bytes)
2026-05-19 22:40:16,218 - __main__ - INFO - client >> audio (2730 bytes)
2026-05-19 22:40:16,305 - __main__ - INFO - client >> audio (2730 bytes)
2026-05-19 22:40:16,396 - __main__ - INFO - client >> audio (2730 bytes)
2026-05-19 22:40:16,479 - __main__ - INFO - client >> audio (2730 bytes)
2026-05-19 22:40:16,560 - __main__ - INFO - client >> audio (2730 bytes)
2026-05-19 22:40:16,646 - __main__ - INFO - client >> audio (2730 bytes)
2026-05-19 22:40:16,734 - __main__ - INFO - client >> audio (2730 bytes)
2026-05-19 22:40:16,820 - __main__ - INFO - client >> audio (2730 bytes)
2026-05-19 22:40:16,904 - __main__ - INFO - client >> audio (2730 bytes)
2026-05-19 22:40:16,988 - __main__ - INFO - client >> audio (2730 bytes)
2026-05-19 22:40:17,071 - __main__ - INFO - client >> audio (2730 bytes)
2026-05-19 22:40:17,157 - __main__ - INFO - client >> audio (2730 bytes)
2026-05-19 22:40:17,245 - __main__ - INFO - client >> audio (2730 bytes)
2026-05-19 22:40:17,328 - __main__ - INFO - client >> audio (2730 bytes)
2026-05-19 22:40:17,413 - __main__ - INFO - client >> audio (2730 bytes)
2026-05-19 22:40:17,498 - __main__ - INFO - client >> audio (2730 bytes)
2026-05-19 22:40:17,586 - __main__ - INFO - client >> audio (2730 bytes)
2026-05-19 22:40:17,670 - __main__ - INFO - client >> audio (2730 bytes)
2026-05-19 22:40:17,760 - __main__ - INFO - client >> audio (2730 bytes)
2026-05-19 22:40:17,843 - __main__ - INFO - client >> audio (2730 bytes)
2026-05-19 22:40:17,928 - __main__ - INFO - client >> audio (2730 bytes)
2026-05-19 22:40:18,013 - __main__ - INFO - client >> audio (2730 bytes)
2026-05-19 22:40:18,095 - __main__ - INFO - client >> audio (2730 bytes)
2026-05-19 22:40:18,181 - __main__ - INFO - client >> audio (2730 bytes)
2026-05-19 22:40:18,269 - __main__ - INFO - client >> audio (2730 bytes)
2026-05-19 22:40:18,352 - __main__ - INFO - client >> audio (2730 bytes)
2026-05-19 22:40:18,437 - __main__ - INFO - client >> audio (2730 bytes)
2026-05-19 22:40:18,522 - __main__ - INFO - client >> audio (2730 bytes)
2026-05-19 22:40:18,609 - __main__ - INFO - client >> audio (2730 bytes)
2026-05-19 22:40:18,693 - __main__ - INFO - client >> audio (2730 bytes)
2026-05-19 22:40:18,783 - __main__ - INFO - client >> audio (2730 bytes)
2026-05-19 22:40:18,864 - __main__ - INFO - client >> audio (2730 bytes)
2026-05-19 22:40:18,896 - __main__ - INFO - dg << UserStartedSpeaking
2026-05-19 22:40:18,898 - __main__ - INFO - barge-in detected
2026-05-19 22:40:18,952 - __main__ - INFO - client >> audio (2730 bytes)
2026-05-19 22:40:19,041 - __main__ - INFO - client >> audio (2730 bytes)
2026-05-19 22:40:19,119 - __main__ - INFO - client >> audio (2730 bytes)
2026-05-19 22:40:19,206 - __main__ - INFO - client >> audio (2730 bytes)
2026-05-19 22:40:19,291 - __main__ - INFO - client >> audio (2730 bytes)
2026-05-19 22:40:19,376 - __main__ - INFO - client >> audio (2730 bytes)
2026-05-19 22:40:19,460 - __main__ - INFO - client >> audio (2730 bytes)
2026-05-19 22:40:19,550 - __main__ - INFO - client >> audio (2730 bytes)
2026-05-19 22:40:19,634 - __main__ - INFO - client >> audio (2730 bytes)
2026-05-19 22:40:19,716 - __main__ - INFO - client >> audio (2730 bytes)
2026-05-19 22:40:19,802 - __main__ - INFO - client >> audio (2730 bytes)
2026-05-19 22:40:19,892 - __main__ - INFO - client >> audio (2730 bytes)
2026-05-19 22:40:19,974 - __main__ - INFO - client >> audio (2730 bytes)
2026-05-19 22:40:20,058 - __main__ - INFO - client >> audio (2730 bytes)
2026-05-19 22:40:20,147 - __main__ - INFO - client >> audio (2730 bytes)
2026-05-19 22:40:20,231 - __main__ - INFO - client >> audio (2730 bytes)
2026-05-19 22:40:20,314 - __main__ - INFO - client >> audio (2730 bytes)
2026-05-19 22:40:20,399 - __main__ - INFO - client >> audio (2730 bytes)
2026-05-19 22:40:20,485 - __main__ - INFO - client >> audio (2730 bytes)
2026-05-19 22:40:20,572 - __main__ - INFO - client >> audio (2730 bytes)
2026-05-19 22:40:20,656 - __main__ - INFO - client >> audio (2730 bytes)
2026-05-19 22:40:20,741 - __main__ - INFO - client >> audio (2730 bytes)
2026-05-19 22:40:20,798 - __main__ - INFO - dg << ConversationText
2026-05-19 22:40:20,799 - __main__ - INFO - dg << History
2026-05-19 22:40:20,831 - __main__ - INFO - client >> audio (2730 bytes)
2026-05-19 22:40:20,917 - __main__ - INFO - client >> audio (2730 bytes)
2026-05-19 22:40:21,002 - __main__ - INFO - client >> audio (2730 bytes)
2026-05-19 22:40:21,088 - __main__ - INFO - client >> audio (2730 bytes)
2026-05-19 22:40:21,168 - __main__ - INFO - client >> audio (2730 bytes)
2026-05-19 22:40:21,253 - __main__ - INFO - client >> audio (2730 bytes)
2026-05-19 22:40:21,353 - __main__ - INFO - client >> audio (2730 bytes)
2026-05-19 22:40:21,428 - __main__ - INFO - client >> audio (2730 bytes)
2026-05-19 22:40:21,509 - __main__ - INFO - client >> audio (2730 bytes)
2026-05-19 22:40:21,596 - __main__ - INFO - client >> audio (2730 bytes)
2026-05-19 22:40:21,681 - __main__ - INFO - client >> audio (2730 bytes)
2026-05-19 22:40:21,714 - __main__ - INFO - dg << UserStartedSpeaking
2026-05-19 22:40:21,715 - __main__ - INFO - barge-in detected
2026-05-19 22:40:21,717 - __main__ - INFO - dg << AgentAudioDone
2026-05-19 22:40:21,717 - __main__ - INFO - forwarding AgentAudioDone to client
2026-05-19 22:40:21,768 - __main__ - INFO - client >> audio (2730 bytes)
2026-05-19 22:40:21,850 - __main__ - INFO - client >> audio (2730 bytes)
2026-05-19 22:40:21,938 - __main__ - INFO - client >> audio (2730 bytes)
2026-05-19 22:40:22,027 - __main__ - INFO - client >> audio (2730 bytes)
2026-05-19 22:40:22,106 - __main__ - INFO - client >> audio (2730 bytes)
2026-05-19 22:40:22,195 - __main__ - INFO - client >> audio (2730 bytes)
2026-05-19 22:40:22,278 - __main__ - INFO - client >> audio (2730 bytes)
2026-05-19 22:40:22,362 - __main__ - INFO - client >> audio (2730 bytes)
2026-05-19 22:40:22,447 - __main__ - INFO - client >> audio (2730 bytes)
2026-05-19 22:40:22,537 - __main__ - INFO - client >> audio (2730 bytes)
2026-05-19 22:40:22,586 - __main__ - INFO - dg << ConversationText
2026-05-19 22:40:22,588 - __main__ - INFO - dg << History
2026-05-19 22:40:22,622 - __main__ - INFO - client >> audio (2730 bytes)
2026-05-19 22:40:22,711 - __main__ - INFO - client >> audio (2730 bytes)
2026-05-19 22:40:22,794 - __main__ - INFO - client >> audio (2730 bytes)
2026-05-19 22:40:22,880 - __main__ - INFO - client >> audio (2730 bytes)
2026-05-19 22:40:22,960 - __main__ - INFO - client >> audio (2730 bytes)
2026-05-19 22:40:23,046 - __main__ - INFO - client >> audio (2730 bytes)
2026-05-19 22:40:23,134 - __main__ - INFO - client >> audio (2730 bytes)
2026-05-19 22:40:23,219 - __main__ - INFO - client >> audio (2730 bytes)
2026-05-19 22:40:23,302 - __main__ - INFO - client >> audio (2730 bytes)
2026-05-19 22:40:23,331 - __main__ - INFO - dg >> audio (960 bytes)
2026-05-19 22:40:23,334 - __main__ - INFO - dg << ConversationText
2026-05-19 22:40:23,335 - __main__ - INFO - dg << History
2026-05-19 22:40:23,336 - __main__ - INFO - dg >> audio (960 bytes)
2026-05-19 22:40:23,337 - __main__ - INFO - dg >> audio (960 bytes)
2026-05-19 22:40:23,338 - __main__ - INFO - dg >> audio (960 bytes)
2026-05-19 22:40:23,338 - __main__ - INFO - dg >> audio (960 bytes)
2026-05-19 22:40:23,340 - __main__ - INFO - dg >> audio (960 bytes)
2026-05-19 22:40:23,340 - __main__ - INFO - dg >> audio (960 bytes)
2026-05-19 22:40:23,342 - __main__ - INFO - dg >> audio (960 bytes)
2026-05-19 22:40:23,394 - __main__ - INFO - client >> audio (2730 bytes)
2026-05-19 22:40:23,598 - __main__ - INFO - client >> audio (2730 bytes)
2026-05-19 22:40:23,608 - __main__ - INFO - dg >> audio (960 bytes)
2026-05-19 22:40:23,610 - __main__ - INFO - dg >> audio (960 bytes)
2026-05-19 22:40:23,611 - __main__ - INFO - dg >> audio (960 bytes)
2026-05-19 22:40:23,612 - __main__ - INFO - dg >> audio (960 bytes)
2026-05-19 22:40:23,614 - __main__ - INFO - dg >> audio (960 bytes)
2026-05-19 22:40:23,616 - __main__ - INFO - dg >> audio (960 bytes)
2026-05-19 22:40:23,618 - __main__ - INFO - dg >> audio (960 bytes)
2026-05-19 22:40:23,620 - __main__ - INFO - dg >> audio (960 bytes)
2026-05-19 22:40:23,621 - __main__ - INFO - dg >> audio (960 bytes)
2026-05-19 22:40:23,622 - __main__ - INFO - dg >> audio (960 bytes)
2026-05-19 22:40:23,624 - __main__ - INFO - dg >> audio (960 bytes)
2026-05-19 22:40:23,625 - __main__ - INFO - dg >> audio (960 bytes)
2026-05-19 22:40:23,626 - __main__ - INFO - dg >> audio (960 bytes)
2026-05-19 22:40:23,626 - __main__ - INFO - dg >> audio (960 bytes)
2026-05-19 22:40:23,627 - __main__ - INFO - dg >> audio (960 bytes)
2026-05-19 22:40:23,628 - __main__ - INFO - dg >> audio (960 bytes)
2026-05-19 22:40:23,629 - __main__ - INFO - dg >> audio (960 bytes)
2026-05-19 22:40:23,630 - __main__ - INFO - dg >> audio (960 bytes)
2026-05-19 22:40:23,631 - __main__ - INFO - dg >> audio (960 bytes)
2026-05-19 22:40:23,632 - __main__ - INFO - dg >> audio (960 bytes)
2026-05-19 22:40:23,633 - __main__ - INFO - dg >> audio (960 bytes)
2026-05-19 22:40:23,634 - __main__ - INFO - dg >> audio (960 bytes)
2026-05-19 22:40:23,635 - __main__ - INFO - dg >> audio (960 bytes)
2026-05-19 22:40:23,636 - __main__ - INFO - dg >> audio (960 bytes)
2026-05-19 22:40:23,637 - __main__ - INFO - dg >> audio (960 bytes)
2026-05-19 22:40:23,638 - __main__ - INFO - dg >> audio (960 bytes)
2026-05-19 22:40:23,639 - __main__ - INFO - dg >> audio (960 bytes)
2026-05-19 22:40:23,640 - __main__ - INFO - dg >> audio (960 bytes)
2026-05-19 22:40:23,641 - __main__ - INFO - dg >> audio (960 bytes)
2026-05-19 22:40:23,774 - __main__ - INFO - client >> audio (2730 bytes)
2026-05-19 22:40:23,820 - __main__ - INFO - client >> audio (2730 bytes)
2026-05-19 22:40:23,886 - __main__ - INFO - dg >> audio (960 bytes)
2026-05-19 22:40:23,888 - __main__ - INFO - dg >> audio (960 bytes)
2026-05-19 22:40:23,889 - __main__ - INFO - dg >> audio (960 bytes)
2026-05-19 22:40:23,891 - __main__ - INFO - dg >> audio (960 bytes)
2026-05-19 22:40:23,892 - __main__ - INFO - dg >> audio (960 bytes)
2026-05-19 22:40:23,893 - __main__ - INFO - dg >> audio (960 bytes)
2026-05-19 22:40:23,894 - __main__ - INFO - dg >> audio (960 bytes)
2026-05-19 22:40:23,897 - __main__ - INFO - dg >> audio (960 bytes)
2026-05-19 22:40:23,899 - __main__ - INFO - dg >> audio (960 bytes)
2026-05-19 22:40:23,900 - __main__ - INFO - dg >> audio (960 bytes)
2026-05-19 22:40:23,902 - __main__ - INFO - dg >> audio (960 bytes)
2026-05-19 22:40:23,903 - __main__ - INFO - dg >> audio (960 bytes)
2026-05-19 22:40:23,904 - __main__ - INFO - dg >> audio (960 bytes)
2026-05-19 22:40:23,905 - __main__ - INFO - dg >> audio (960 bytes)
2026-05-19 22:40:23,906 - __main__ - INFO - dg >> audio (960 bytes)
2026-05-19 22:40:23,907 - __main__ - INFO - dg >> audio (960 bytes)
2026-05-19 22:40:23,907 - __main__ - INFO - dg >> audio (960 bytes)
2026-05-19 22:40:23,908 - __main__ - INFO - dg >> audio (960 bytes)
2026-05-19 22:40:23,910 - __main__ - INFO - dg >> audio (960 bytes)
2026-05-19 22:40:23,911 - __main__ - INFO - dg >> audio (960 bytes)
2026-05-19 22:40:23,912 - __main__ - INFO - dg >> audio (960 bytes)
2026-05-19 22:40:23,913 - __main__ - INFO - dg >> audio (960 bytes)
2026-05-19 22:40:23,914 - __main__ - INFO - dg >> audio (960 bytes)
2026-05-19 22:40:23,915 - __main__ - INFO - dg >> audio (960 bytes)
2026-05-19 22:40:23,916 - __main__ - INFO - dg >> audio (960 bytes)
2026-05-19 22:40:23,917 - __main__ - INFO - dg >> audio (960 bytes)
2026-05-19 22:40:23,918 - __main__ - INFO - dg >> audio (960 bytes)
2026-05-19 22:40:23,919 - __main__ - INFO - dg >> audio (960 bytes)
2026-05-19 22:40:23,921 - __main__ - INFO - dg >> audio (960 bytes)
2026-05-19 22:40:23,922 - __main__ - INFO - dg >> audio (960 bytes)
2026-05-19 22:40:23,923 - __main__ - INFO - dg >> audio (960 bytes)
2026-05-19 22:40:23,923 - __main__ - INFO - dg >> audio (960 bytes)
2026-05-19 22:40:23,925 - __main__ - INFO - dg >> audio (960 bytes)
2026-05-19 22:40:23,926 - __main__ - INFO - dg >> audio (960 bytes)
2026-05-19 22:40:23,927 - __main__ - INFO - dg >> audio (960 bytes)
2026-05-19 22:40:23,928 - __main__ - INFO - dg >> audio (960 bytes)
2026-05-19 22:40:23,929 - __main__ - INFO - dg >> audio (960 bytes)
2026-05-19 22:40:23,930 - __main__ - INFO - dg >> audio (960 bytes)
2026-05-19 22:40:23,932 - __main__ - INFO - dg >> audio (960 bytes)
2026-05-19 22:40:23,933 - __main__ - INFO - dg >> audio (960 bytes)
2026-05-19 22:40:23,934 - __main__ - INFO - dg >> audio (960 bytes)
2026-05-19 22:40:23,935 - __main__ - INFO - dg >> audio (960 bytes)
2026-05-19 22:40:23,936 - __main__ - INFO - dg >> audio (960 bytes)
2026-05-19 22:40:23,937 - __main__ - INFO - dg >> audio (960 bytes)
2026-05-19 22:40:23,938 - __main__ - INFO - dg >> audio (960 bytes)
2026-05-19 22:40:23,939 - __main__ - INFO - dg >> audio (960 bytes)
2026-05-19 22:40:23,940 - __main__ - INFO - dg >> audio (960 bytes)
2026-05-19 22:40:23,941 - __main__ - INFO - dg >> audio (960 bytes)
2026-05-19 22:40:23,942 - __main__ - INFO - dg >> audio (960 bytes)
2026-05-19 22:40:23,943 - __main__ - INFO - dg >> audio (960 bytes)
2026-05-19 22:40:23,944 - __main__ - INFO - dg >> audio (960 bytes)
2026-05-19 22:40:23,945 - __main__ - INFO - dg >> audio (960 bytes)
2026-05-19 22:40:23,946 - __main__ - INFO - dg >> audio (960 bytes)
2026-05-19 22:40:23,947 - __main__ - INFO - dg >> audio (960 bytes)
2026-05-19 22:40:23,948 - __main__ - INFO - dg >> audio (960 bytes)
2026-05-19 22:40:23,950 - __main__ - INFO - dg >> audio (960 bytes)
2026-05-19 22:40:23,952 - __main__ - INFO - client >> audio (2730 bytes)
2026-05-19 22:40:24,162 - __main__ - INFO - dg >> audio (960 bytes)
2026-05-19 22:40:24,171 - __main__ - INFO - dg >> audio (960 bytes)
2026-05-19 22:40:24,172 - __main__ - INFO - dg >> audio (960 bytes)
2026-05-19 22:40:24,173 - __main__ - INFO - dg >> audio (960 bytes)
2026-05-19 22:40:24,175 - __main__ - INFO - dg >> audio (960 bytes)
2026-05-19 22:40:24,176 - __main__ - INFO - dg >> audio (960 bytes)
2026-05-19 22:40:24,177 - __main__ - INFO - dg >> audio (960 bytes)
2026-05-19 22:40:24,178 - __main__ - INFO - dg >> audio (960 bytes)
2026-05-19 22:40:24,180 - __main__ - INFO - dg >> audio (960 bytes)
2026-05-19 22:40:24,181 - __main__ - INFO - dg >> audio (960 bytes)
2026-05-19 22:40:24,182 - __main__ - INFO - dg >> audio (960 bytes)
2026-05-19 22:40:24,183 - __main__ - INFO - dg >> audio (960 bytes)
2026-05-19 22:40:24,185 - __main__ - INFO - dg >> audio (960 bytes)
2026-05-19 22:40:24,187 - __main__ - INFO - dg >> audio (960 bytes)
2026-05-19 22:40:24,189 - __main__ - INFO - dg >> audio (960 bytes)
2026-05-19 22:40:24,190 - __main__ - INFO - dg >> audio (960 bytes)
2026-05-19 22:40:24,191 - __main__ - INFO - dg >> audio (960 bytes)
2026-05-19 22:40:24,192 - __main__ - INFO - dg >> audio (960 bytes)
2026-05-19 22:40:24,193 - __main__ - INFO - dg >> audio (960 bytes)
2026-05-19 22:40:24,194 - __main__ - INFO - dg >> audio (960 bytes)
2026-05-19 22:40:24,195 - __main__ - INFO - dg >> audio (960 bytes)
2026-05-19 22:40:24,197 - __main__ - INFO - dg >> audio (960 bytes)
2026-05-19 22:40:24,198 - __main__ - INFO - dg >> audio (960 bytes)
2026-05-19 22:40:24,199 - __main__ - INFO - dg >> audio (960 bytes)
2026-05-19 22:40:24,200 - __main__ - INFO - dg >> audio (960 bytes)
2026-05-19 22:40:24,201 - __main__ - INFO - dg >> audio (960 bytes)
2026-05-19 22:40:24,202 - __main__ - INFO - dg >> audio (960 bytes)
2026-05-19 22:40:24,203 - __main__ - INFO - dg >> audio (960 bytes)
2026-05-19 22:40:24,204 - __main__ - INFO - dg >> audio (960 bytes)
2026-05-19 22:40:24,205 - __main__ - INFO - dg >> audio (960 bytes)
2026-05-19 22:40:24,206 - __main__ - INFO - dg >> audio (434 bytes)
2026-05-19 22:40:24,208 - __main__ - INFO - client >> audio (2730 bytes)
2026-05-19 22:40:24,282 - __main__ - INFO - client >> audio (2730 bytes)
2026-05-19 22:40:24,347 - __main__ - INFO - client >> audio (2730 bytes)
2026-05-19 22:40:24,420 - __main__ - INFO - client >> audio (2730 bytes)
2026-05-19 22:40:24,501 - __main__ - INFO - client >> audio (2730 bytes)
2026-05-19 22:40:24,597 - __main__ - INFO - client >> audio (2730 bytes)
2026-05-19 22:40:24,668 - __main__ - INFO - client >> audio (2730 bytes)
2026-05-19 22:40:24,753 - __main__ - INFO - client >> audio (2730 bytes)
2026-05-19 22:40:24,849 - __main__ - INFO - client >> audio (2730 bytes)
2026-05-19 22:40:24,924 - __main__ - INFO - client >> audio (2730 bytes)
2026-05-19 22:40:25,022 - __main__ - INFO - client >> audio (2730 bytes)
2026-05-19 22:40:25,105 - __main__ - INFO - client >> audio (2730 bytes)
2026-05-19 22:40:25,183 - __main__ - INFO - client >> audio (2730 bytes)
2026-05-19 22:40:25,266 - __main__ - INFO - client >> audio (2730 bytes)
2026-05-19 22:40:25,355 - __main__ - INFO - client >> audio (2730 bytes)
2026-05-19 22:40:25,440 - __main__ - INFO - client >> audio (2730 bytes)
2026-05-19 22:40:25,538 - __main__ - INFO - client >> audio (2730 bytes)
2026-05-19 22:40:25,620 - __main__ - INFO - client >> audio (2730 bytes)
2026-05-19 22:40:25,698 - __main__ - INFO - client >> audio (2730 bytes)
2026-05-19 22:40:25,781 - __main__ - INFO - client >> audio (2730 bytes)
2026-05-19 22:40:25,878 - __main__ - INFO - client >> audio (2730 bytes)
2026-05-19 22:40:25,957 - __main__ - INFO - client >> audio (2730 bytes)
2026-05-19 22:40:26,035 - __main__ - INFO - client >> audio (2730 bytes)
2026-05-19 22:40:26,128 - __main__ - INFO - client >> audio (2730 bytes)
2026-05-19 22:40:26,206 - __main__ - INFO - client >> audio (2730 bytes)
2026-05-19 22:40:26,303 - __main__ - INFO - client >> audio (2730 bytes)
2026-05-19 22:40:26,380 - __main__ - INFO - client >> audio (2730 bytes)
2026-05-19 22:40:26,459 - __main__ - INFO - client >> audio (2730 bytes)
2026-05-19 22:40:26,547 - __main__ - INFO - client >> audio (2730 bytes)
2026-05-19 22:40:26,631 - __main__ - INFO - client >> audio (2730 bytes)
2026-05-19 22:40:26,721 - __main__ - INFO - client >> audio (2730 bytes)
2026-05-19 22:40:26,818 - __main__ - INFO - client >> audio (2730 bytes)
2026-05-19 22:40:26,896 - __main__ - INFO - client >> audio (2730 bytes)
2026-05-19 22:40:26,971 - __main__ - INFO - client >> audio (2730 bytes)
2026-05-19 22:40:27,035 - __main__ - INFO - dg >> audio (960 bytes)
2026-05-19 22:40:27,037 - __main__ - INFO - dg << ConversationText
2026-05-19 22:40:27,039 - __main__ - INFO - dg << History
2026-05-19 22:40:27,040 - __main__ - INFO - dg >> audio (960 bytes)
2026-05-19 22:40:27,040 - __main__ - INFO - dg >> audio (960 bytes)
2026-05-19 22:40:27,041 - __main__ - INFO - dg >> audio (960 bytes)
2026-05-19 22:40:27,043 - __main__ - INFO - dg >> audio (960 bytes)
2026-05-19 22:40:27,043 - __main__ - INFO - dg >> audio (960 bytes)
2026-05-19 22:40:27,045 - __main__ - INFO - dg >> audio (960 bytes)
2026-05-19 22:40:27,180 - __main__ - INFO - client >> audio (2730 bytes)
2026-05-19 22:40:27,228 - __main__ - INFO - client >> audio (2730 bytes)
2026-05-19 22:40:27,311 - __main__ - INFO - dg >> audio (960 bytes)
2026-05-19 22:40:27,313 - __main__ - INFO - dg >> audio (960 bytes)
2026-05-19 22:40:27,314 - __main__ - INFO - dg >> audio (960 bytes)
2026-05-19 22:40:27,316 - __main__ - INFO - dg >> audio (960 bytes)
2026-05-19 22:40:27,317 - __main__ - INFO - dg >> audio (960 bytes)
2026-05-19 22:40:27,317 - __main__ - INFO - dg >> audio (960 bytes)
2026-05-19 22:40:27,320 - __main__ - INFO - dg >> audio (960 bytes)
2026-05-19 22:40:27,321 - __main__ - INFO - dg >> audio (960 bytes)
2026-05-19 22:40:27,323 - __main__ - INFO - dg >> audio (960 bytes)
2026-05-19 22:40:27,324 - __main__ - INFO - dg >> audio (960 bytes)
2026-05-19 22:40:27,325 - __main__ - INFO - dg >> audio (960 bytes)
2026-05-19 22:40:27,326 - __main__ - INFO - dg >> audio (960 bytes)
2026-05-19 22:40:27,327 - __main__ - INFO - dg >> audio (960 bytes)
2026-05-19 22:40:27,328 - __main__ - INFO - dg >> audio (960 bytes)
2026-05-19 22:40:27,329 - __main__ - INFO - dg >> audio (960 bytes)
2026-05-19 22:40:27,330 - __main__ - INFO - dg >> audio (960 bytes)
2026-05-19 22:40:27,331 - __main__ - INFO - dg >> audio (960 bytes)
2026-05-19 22:40:27,332 - __main__ - INFO - dg >> audio (960 bytes)
2026-05-19 22:40:27,333 - __main__ - INFO - dg >> audio (960 bytes)
2026-05-19 22:40:27,334 - __main__ - INFO - dg >> audio (960 bytes)
2026-05-19 22:40:27,335 - __main__ - INFO - dg >> audio (960 bytes)
2026-05-19 22:40:27,336 - __main__ - INFO - dg >> audio (960 bytes)
2026-05-19 22:40:27,337 - __main__ - INFO - dg >> audio (960 bytes)
2026-05-19 22:40:27,338 - __main__ - INFO - dg >> audio (960 bytes)
2026-05-19 22:40:27,339 - __main__ - INFO - client >> audio (2730 bytes)
2026-05-19 22:40:27,404 - __main__ - INFO - client >> audio (2730 bytes)
2026-05-19 22:40:27,491 - __main__ - INFO - client >> audio (2730 bytes)
2026-05-19 22:40:27,571 - __main__ - INFO - client >> audio (2730 bytes)
2026-05-19 22:40:27,586 - __main__ - INFO - dg >> audio (960 bytes)
2026-05-19 22:40:27,588 - __main__ - INFO - dg >> audio (960 bytes)
2026-05-19 22:40:27,590 - __main__ - INFO - dg >> audio (960 bytes)
2026-05-19 22:40:27,591 - __main__ - INFO - dg >> audio (960 bytes)
2026-05-19 22:40:27,592 - __main__ - INFO - dg >> audio (960 bytes)
2026-05-19 22:40:27,594 - __main__ - INFO - dg >> audio (960 bytes)
2026-05-19 22:40:27,595 - __main__ - INFO - dg >> audio (960 bytes)
2026-05-19 22:40:27,596 - __main__ - INFO - dg >> audio (960 bytes)
2026-05-19 22:40:27,597 - __main__ - INFO - dg >> audio (960 bytes)
2026-05-19 22:40:27,598 - __main__ - INFO - dg >> audio (960 bytes)
2026-05-19 22:40:27,600 - __main__ - INFO - dg >> audio (960 bytes)
2026-05-19 22:40:27,601 - __main__ - INFO - dg >> audio (960 bytes)
2026-05-19 22:40:27,602 - __main__ - INFO - dg >> audio (960 bytes)
2026-05-19 22:40:27,603 - __main__ - INFO - dg >> audio (960 bytes)
2026-05-19 22:40:27,604 - __main__ - INFO - dg >> audio (960 bytes)
2026-05-19 22:40:27,605 - __main__ - INFO - dg >> audio (960 bytes)
2026-05-19 22:40:27,607 - __main__ - INFO - dg >> audio (960 bytes)
2026-05-19 22:40:27,609 - __main__ - INFO - dg >> audio (960 bytes)
2026-05-19 22:40:27,610 - __main__ - INFO - dg >> audio (960 bytes)
2026-05-19 22:40:27,611 - __main__ - INFO - dg >> audio (960 bytes)
2026-05-19 22:40:27,612 - __main__ - INFO - dg >> audio (960 bytes)
2026-05-19 22:40:27,613 - __main__ - INFO - dg >> audio (960 bytes)
2026-05-19 22:40:27,614 - __main__ - INFO - dg >> audio (960 bytes)
2026-05-19 22:40:27,615 - __main__ - INFO - dg >> audio (960 bytes)
2026-05-19 22:40:27,616 - __main__ - INFO - dg >> audio (960 bytes)
2026-05-19 22:40:27,617 - __main__ - INFO - dg >> audio (960 bytes)
2026-05-19 22:40:27,619 - __main__ - INFO - dg >> audio (960 bytes)
2026-05-19 22:40:27,620 - __main__ - INFO - dg >> audio (960 bytes)
2026-05-19 22:40:27,621 - __main__ - INFO - dg >> audio (960 bytes)
2026-05-19 22:40:27,621 - __main__ - INFO - dg >> audio (960 bytes)
2026-05-19 22:40:27,623 - __main__ - INFO - dg >> audio (960 bytes)
2026-05-19 22:40:27,624 - __main__ - INFO - dg >> audio (960 bytes)
2026-05-19 22:40:27,625 - __main__ - INFO - dg >> audio (960 bytes)
2026-05-19 22:40:27,626 - __main__ - INFO - dg >> audio (960 bytes)
2026-05-19 22:40:27,627 - __main__ - INFO - dg >> audio (960 bytes)
2026-05-19 22:40:27,628 - __main__ - INFO - dg >> audio (960 bytes)
2026-05-19 22:40:27,629 - __main__ - INFO - dg >> audio (960 bytes)
2026-05-19 22:40:27,630 - __main__ - INFO - dg >> audio (960 bytes)
2026-05-19 22:40:27,631 - __main__ - INFO - dg >> audio (960 bytes)
2026-05-19 22:40:27,632 - __main__ - INFO - dg >> audio (960 bytes)
2026-05-19 22:40:27,633 - __main__ - INFO - dg >> audio (960 bytes)
2026-05-19 22:40:27,634 - __main__ - INFO - dg >> audio (960 bytes)
2026-05-19 22:40:27,635 - __main__ - INFO - dg >> audio (960 bytes)
2026-05-19 22:40:27,636 - __main__ - INFO - dg >> audio (960 bytes)
2026-05-19 22:40:27,637 - __main__ - INFO - dg >> audio (960 bytes)
2026-05-19 22:40:27,638 - __main__ - INFO - dg >> audio (960 bytes)
2026-05-19 22:40:27,639 - __main__ - INFO - dg >> audio (960 bytes)
2026-05-19 22:40:27,640 - __main__ - INFO - dg >> audio (960 bytes)
2026-05-19 22:40:27,642 - __main__ - INFO - dg >> audio (960 bytes)
2026-05-19 22:40:27,643 - __main__ - INFO - dg >> audio (960 bytes)
2026-05-19 22:40:27,644 - __main__ - INFO - dg >> audio (960 bytes)
2026-05-19 22:40:27,645 - __main__ - INFO - dg >> audio (960 bytes)
2026-05-19 22:40:27,646 - __main__ - INFO - dg >> audio (960 bytes)
2026-05-19 22:40:27,647 - __main__ - INFO - dg >> audio (960 bytes)
2026-05-19 22:40:27,648 - __main__ - INFO - dg >> audio (960 bytes)
2026-05-19 22:40:27,649 - __main__ - INFO - dg >> audio (960 bytes)
2026-05-19 22:40:27,650 - __main__ - INFO - dg >> audio (960 bytes)
2026-05-19 22:40:27,651 - __main__ - INFO - dg >> audio (960 bytes)
2026-05-19 22:40:27,652 - __main__ - INFO - dg >> audio (960 bytes)
2026-05-19 22:40:27,653 - __main__ - INFO - dg >> audio (960 bytes)
2026-05-19 22:40:27,654 - __main__ - INFO - dg >> audio (960 bytes)
2026-05-19 22:40:27,655 - __main__ - INFO - dg >> audio (960 bytes)
2026-05-19 22:40:27,656 - __main__ - INFO - dg >> audio (960 bytes)
2026-05-19 22:40:27,658 - __main__ - INFO - dg >> audio (960 bytes)
2026-05-19 22:40:27,659 - __main__ - INFO - dg >> audio (960 bytes)
2026-05-19 22:40:27,660 - __main__ - INFO - dg >> audio (960 bytes)
2026-05-19 22:40:27,661 - __main__ - INFO - dg >> audio (960 bytes)
2026-05-19 22:40:27,830 - __main__ - INFO - client >> audio (2730 bytes)
2026-05-19 22:40:27,862 - __main__ - INFO - dg >> audio (960 bytes)
2026-05-19 22:40:27,864 - __main__ - INFO - dg >> audio (960 bytes)
2026-05-19 22:40:27,866 - __main__ - INFO - dg >> audio (960 bytes)
2026-05-19 22:40:27,867 - __main__ - INFO - dg >> audio (960 bytes)
2026-05-19 22:40:27,868 - __main__ - INFO - dg >> audio (960 bytes)
2026-05-19 22:40:27,869 - __main__ - INFO - dg >> audio (960 bytes)
2026-05-19 22:40:27,870 - __main__ - INFO - dg >> audio (960 bytes)
2026-05-19 22:40:27,871 - __main__ - INFO - dg >> audio (960 bytes)
2026-05-19 22:40:27,872 - __main__ - INFO - dg >> audio (960 bytes)
2026-05-19 22:40:27,873 - __main__ - INFO - dg >> audio (960 bytes)
2026-05-19 22:40:27,874 - __main__ - INFO - dg >> audio (960 bytes)
2026-05-19 22:40:27,875 - __main__ - INFO - dg >> audio (960 bytes)
2026-05-19 22:40:27,876 - __main__ - INFO - dg >> audio (960 bytes)
2026-05-19 22:40:27,877 - __main__ - INFO - dg >> audio (960 bytes)
2026-05-19 22:40:27,878 - __main__ - INFO - dg >> audio (592 bytes)
2026-05-19 22:40:27,878 - __main__ - INFO - dg << AgentAudioDone
2026-05-19 22:40:27,879 - __main__ - INFO - forwarding AgentAudioDone to client
2026-05-19 22:40:27,921 - __main__ - INFO - client >> audio (2730 bytes)
2026-05-19 22:40:27,999 - __main__ - INFO - client >> audio (2730 bytes)
2026-05-19 22:40:28,084 - __main__ - INFO - client >> audio (2730 bytes)
2026-05-19 22:40:28,170 - __main__ - INFO - client >> audio (2730 bytes)
2026-05-19 22:40:28,253 - __main__ - INFO - client >> audio (2730 bytes)
2026-05-19 22:40:28,336 - __main__ - INFO - client >> audio (2730 bytes)
2026-05-19 22:40:28,422 - __main__ - INFO - client >> audio (2730 bytes)
2026-05-19 22:40:28,509 - __main__ - INFO - client >> audio (2730 bytes)
2026-05-19 22:40:28,593 - __main__ - INFO - client >> audio (2730 bytes)
2026-05-19 22:40:28,677 - __main__ - INFO - client >> audio (2730 bytes)
2026-05-19 22:40:28,762 - __main__ - INFO - client >> audio (2730 bytes)
2026-05-19 22:40:28,852 - __main__ - INFO - client >> audio (2730 bytes)
2026-05-19 22:40:28,934 - __main__ - INFO - client >> audio (2730 bytes)
2026-05-19 22:40:29,019 - __main__ - INFO - client >> audio (2730 bytes)
2026-05-19 22:40:29,107 - __main__ - INFO - client >> audio (2730 bytes)
2026-05-19 22:40:29,191 - __main__ - INFO - client >> audio (2730 bytes)
2026-05-19 22:40:29,274 - __main__ - INFO - client >> audio (2730 bytes)
2026-05-19 22:40:29,362 - __main__ - INFO - client >> audio (2730 bytes)
2026-05-19 22:40:29,446 - __main__ - INFO - client >> audio (2730 bytes)
2026-05-19 22:40:29,532 - __main__ - INFO - client >> audio (2730 bytes)
2026-05-19 22:40:29,617 - __main__ - INFO - client >> audio (2730 bytes)
2026-05-19 22:40:29,701 - __main__ - INFO - client >> audio (2730 bytes)
2026-05-19 22:40:29,787 - __main__ - INFO - client >> audio (2730 bytes)
2026-05-19 22:40:29,874 - __main__ - INFO - client >> audio (2730 bytes)
2026-05-19 22:40:29,963 - __main__ - INFO - client >> audio (2730 bytes)
2026-05-19 22:40:30,042 - __main__ - INFO - client >> audio (2730 bytes)
2026-05-19 22:40:30,131 - __main__ - INFO - client >> audio (2730 bytes)
2026-05-19 22:40:30,215 - __main__ - INFO - client >> audio (2730 bytes)
2026-05-19 22:40:30,298 - __main__ - INFO - client >> audio (2730 bytes)
2026-05-19 22:40:30,383 - __main__ - INFO - client >> audio (2730 bytes)
2026-05-19 22:40:30,472 - __main__ - INFO - client >> audio (2730 bytes)
2026-05-19 22:40:30,555 - __main__ - INFO - client >> audio (2730 bytes)
2026-05-19 22:40:30,640 - __main__ - INFO - client >> audio (2730 bytes)
2026-05-19 22:40:30,725 - __main__ - INFO - client >> audio (2730 bytes)
2026-05-19 22:40:30,813 - __main__ - INFO - client >> audio (2730 bytes)
2026-05-19 22:40:30,896 - __main__ - INFO - client >> audio (2730 bytes)
2026-05-19 22:40:30,981 - __main__ - INFO - client >> audio (2730 bytes)
2026-05-19 22:40:31,067 - __main__ - INFO - client >> audio (2730 bytes)
2026-05-19 22:40:31,156 - __main__ - INFO - client >> audio (2730 bytes)
2026-05-19 22:40:31,239 - __main__ - INFO - client >> audio (2730 bytes)
2026-05-19 22:40:31,322 - __main__ - INFO - client >> audio (2730 bytes)
2026-05-19 22:40:31,408 - __main__ - INFO - client >> audio (2730 bytes)
2026-05-19 22:40:31,495 - __main__ - INFO - client >> audio (2730 bytes)
2026-05-19 22:40:31,579 - __main__ - INFO - client >> audio (2730 bytes)
2026-05-19 22:40:31,663 - __main__ - INFO - client >> audio (2730 bytes)
2026-05-19 22:40:31,749 - __main__ - INFO - client >> audio (2730 bytes)
2026-05-19 22:40:31,837 - __main__ - INFO - client >> audio (2730 bytes)
2026-05-19 22:40:31,920 - __main__ - INFO - client >> audio (2730 bytes)
2026-05-19 22:40:32,005 - __main__ - INFO - client >> audio (2730 bytes)
2026-05-19 22:40:32,091 - __main__ - INFO - client >> audio (2730 bytes)
2026-05-19 22:40:32,181 - __main__ - INFO - client >> audio (2730 bytes)
2026-05-19 22:40:32,261 - __main__ - INFO - client >> audio (2730 bytes)
2026-05-19 22:40:32,346 - __main__ - INFO - client >> audio (2730 bytes)
2026-05-19 22:40:32,437 - __main__ - INFO - client >> audio (2730 bytes)
2026-05-19 22:40:32,518 - __main__ - INFO - client >> audio (2730 bytes)
2026-05-19 22:40:32,547 - __main__ - INFO - dg << UserStartedSpeaking
2026-05-19 22:40:32,549 - __main__ - INFO - barge-in detected
2026-05-19 22:40:32,603 - __main__ - INFO - client >> audio (2730 bytes)
2026-05-19 22:40:32,687 - __main__ - INFO - client >> audio (2730 bytes)
2026-05-19 22:40:32,777 - __main__ - INFO - client >> audio (2730 bytes)
2026-05-19 22:40:32,860 - __main__ - INFO - client >> audio (2730 bytes)
2026-05-19 22:40:32,944 - __main__ - INFO - client >> audio (2730 bytes)
2026-05-19 22:40:33,029 - __main__ - INFO - client >> audio (2730 bytes)
2026-05-19 22:40:33,118 - __main__ - INFO - client >> audio (2730 bytes)
2026-05-19 22:40:33,208 - __main__ - INFO - client >> audio (2730 bytes)
2026-05-19 22:40:33,285 - __main__ - INFO - client >> audio (2730 bytes)
2026-05-19 22:40:33,370 - __main__ - INFO - client >> audio (2730 bytes)
2026-05-19 22:40:33,461 - __main__ - INFO - client >> audio (2730 bytes)
2026-05-19 22:40:33,542 - __main__ - INFO - client >> audio (2730 bytes)
2026-05-19 22:40:33,627 - __main__ - INFO - client >> audio (2730 bytes)
2026-05-19 22:40:33,714 - __main__ - INFO - client >> audio (2730 bytes)
2026-05-19 22:40:33,800 - __main__ - INFO - client >> audio (2730 bytes)
2026-05-19 22:40:33,890 - __main__ - INFO - client >> audio (2730 bytes)
2026-05-19 22:40:33,968 - __main__ - INFO - client >> audio (2730 bytes)
2026-05-19 22:40:34,057 - __main__ - INFO - client >> audio (2730 bytes)
2026-05-19 22:40:34,141 - __main__ - INFO - client >> audio (2730 bytes)
2026-05-19 22:40:34,225 - __main__ - INFO - client >> audio (2730 bytes)
2026-05-19 22:40:34,309 - __main__ - INFO - client >> audio (2730 bytes)
2026-05-19 22:40:34,395 - __main__ - INFO - client >> audio (2730 bytes)
2026-05-19 22:40:34,401 - __main__ - INFO - dg << ConversationText
2026-05-19 22:40:34,402 - __main__ - INFO - dg << History
2026-05-19 22:40:34,485 - __main__ - INFO - client >> audio (2730 bytes)
2026-05-19 22:40:34,572 - __main__ - INFO - client >> audio (2730 bytes)
2026-05-19 22:40:34,655 - __main__ - INFO - client >> audio (2730 bytes)
2026-05-19 22:40:34,740 - __main__ - INFO - client >> audio (2730 bytes)
2026-05-19 22:40:34,823 - __main__ - INFO - client >> audio (2730 bytes)
2026-05-19 22:40:34,913 - __main__ - INFO - client >> audio (2730 bytes)
2026-05-19 22:40:34,992 - __main__ - INFO - client >> audio (2730 bytes)
2026-05-19 22:40:35,082 - __main__ - INFO - client >> audio (2730 bytes)
2026-05-19 22:40:35,164 - __main__ - INFO - client >> audio (2730 bytes)
2026-05-19 22:40:35,249 - __main__ - INFO - client >> audio (2730 bytes)
2026-05-19 22:40:35,334 - __main__ - INFO - client >> audio (2730 bytes)
2026-05-19 22:40:35,423 - __main__ - INFO - client >> audio (2730 bytes)
2026-05-19 22:40:35,507 - __main__ - INFO - client >> audio (2730 bytes)
2026-05-19 22:40:35,589 - __main__ - INFO - client >> audio (2730 bytes)
2026-05-19 22:40:35,675 - __main__ - INFO - client >> audio (2730 bytes)
2026-05-19 22:40:35,764 - __main__ - INFO - client >> audio (2730 bytes)
2026-05-19 22:40:35,846 - __main__ - INFO - client >> audio (2730 bytes)
2026-05-19 22:40:35,931 - __main__ - INFO - client >> audio (2730 bytes)
2026-05-19 22:40:36,016 - __main__ - INFO - client >> audio (2730 bytes)
2026-05-19 22:40:36,105 - __main__ - INFO - client >> audio (2730 bytes)
2026-05-19 22:40:36,187 - __main__ - INFO - client >> audio (2730 bytes)
2026-05-19 22:40:36,272 - __main__ - INFO - client >> audio (2730 bytes)
2026-05-19 22:40:36,357 - __main__ - INFO - client >> audio (2730 bytes)
2026-05-19 22:40:36,453 - __main__ - INFO - client >> audio (2730 bytes)
2026-05-19 22:40:36,530 - __main__ - INFO - client >> audio (2730 bytes)
2026-05-19 22:40:36,613 - __main__ - INFO - client >> audio (2730 bytes)
2026-05-19 22:40:36,703 - __main__ - INFO - client >> audio (2730 bytes)
2026-05-19 22:40:36,708 - __main__ - INFO - dg >> audio (960 bytes)
2026-05-19 22:40:36,710 - __main__ - INFO - dg << ConversationText
2026-05-19 22:40:36,711 - __main__ - INFO - dg << History
2026-05-19 22:40:36,711 - __main__ - INFO - dg >> audio (960 bytes)
2026-05-19 22:40:36,713 - __main__ - INFO - dg >> audio (960 bytes)
2026-05-19 22:40:36,714 - __main__ - INFO - dg >> audio (960 bytes)
2026-05-19 22:40:36,715 - __main__ - INFO - dg >> audio (960 bytes)
2026-05-19 22:40:36,716 - __main__ - INFO - dg >> audio (960 bytes)
2026-05-19 22:40:36,717 - __main__ - INFO - dg >> audio (960 bytes)
2026-05-19 22:40:36,718 - __main__ - INFO - dg >> audio (960 bytes)
2026-05-19 22:40:36,720 - __main__ - INFO - dg >> audio (960 bytes)
2026-05-19 22:40:36,964 - __main__ - INFO - client >> audio (2730 bytes)
2026-05-19 22:40:36,983 - __main__ - INFO - dg >> audio (960 bytes)
2026-05-19 22:40:36,985 - __main__ - INFO - dg >> audio (960 bytes)
2026-05-19 22:40:36,987 - __main__ - INFO - dg >> audio (960 bytes)
2026-05-19 22:40:36,988 - __main__ - INFO - dg >> audio (960 bytes)
2026-05-19 22:40:36,989 - __main__ - INFO - dg >> audio (960 bytes)
2026-05-19 22:40:36,990 - __main__ - INFO - dg >> audio (960 bytes)
2026-05-19 22:40:36,991 - __main__ - INFO - dg >> audio (960 bytes)
2026-05-19 22:40:36,992 - __main__ - INFO - dg >> audio (960 bytes)
2026-05-19 22:40:36,993 - __main__ - INFO - dg >> audio (960 bytes)
2026-05-19 22:40:36,996 - __main__ - INFO - dg >> audio (960 bytes)
2026-05-19 22:40:36,998 - __main__ - INFO - dg >> audio (960 bytes)
2026-05-19 22:40:37,000 - __main__ - INFO - dg >> audio (960 bytes)
2026-05-19 22:40:37,001 - __main__ - INFO - dg >> audio (960 bytes)
2026-05-19 22:40:37,002 - __main__ - INFO - dg >> audio (960 bytes)
2026-05-19 22:40:37,003 - __main__ - INFO - dg >> audio (960 bytes)
2026-05-19 22:40:37,004 - __main__ - INFO - dg >> audio (960 bytes)
2026-05-19 22:40:37,005 - __main__ - INFO - dg >> audio (960 bytes)
2026-05-19 22:40:37,006 - __main__ - INFO - dg >> audio (960 bytes)
2026-05-19 22:40:37,007 - __main__ - INFO - dg >> audio (960 bytes)
2026-05-19 22:40:37,008 - __main__ - INFO - dg >> audio (960 bytes)
2026-05-19 22:40:37,009 - __main__ - INFO - dg >> audio (960 bytes)
2026-05-19 22:40:37,010 - __main__ - INFO - dg >> audio (960 bytes)
2026-05-19 22:40:37,011 - __main__ - INFO - dg >> audio (960 bytes)
2026-05-19 22:40:37,012 - __main__ - INFO - dg >> audio (960 bytes)
2026-05-19 22:40:37,013 - __main__ - INFO - dg >> audio (960 bytes)
2026-05-19 22:40:37,015 - __main__ - INFO - dg >> audio (960 bytes)
2026-05-19 22:40:37,016 - __main__ - INFO - dg >> audio (960 bytes)
2026-05-19 22:40:37,017 - __main__ - INFO - dg >> audio (960 bytes)
2026-05-19 22:40:37,018 - __main__ - INFO - dg >> audio (960 bytes)
2026-05-19 22:40:37,019 - __main__ - INFO - dg >> audio (960 bytes)
2026-05-19 22:40:37,020 - __main__ - INFO - dg >> audio (960 bytes)
2026-05-19 22:40:37,021 - __main__ - INFO - dg >> audio (960 bytes)
2026-05-19 22:40:37,022 - __main__ - INFO - dg >> audio (960 bytes)
2026-05-19 22:40:37,023 - __main__ - INFO - dg >> audio (960 bytes)
2026-05-19 22:40:37,139 - __main__ - INFO - client >> audio (2730 bytes)
2026-05-19 22:40:37,213 - __main__ - INFO - client >> audio (2730 bytes)
2026-05-19 22:40:37,292 - __main__ - INFO - dg >> audio (960 bytes)
2026-05-19 22:40:37,294 - __main__ - INFO - dg >> audio (960 bytes)
2026-05-19 22:40:37,295 - __main__ - INFO - dg >> audio (960 bytes)
2026-05-19 22:40:37,296 - __main__ - INFO - dg >> audio (960 bytes)
2026-05-19 22:40:37,297 - __main__ - INFO - dg >> audio (960 bytes)
2026-05-19 22:40:37,299 - __main__ - INFO - dg >> audio (960 bytes)
2026-05-19 22:40:37,300 - __main__ - INFO - dg >> audio (960 bytes)
2026-05-19 22:40:37,301 - __main__ - INFO - dg >> audio (960 bytes)
2026-05-19 22:40:37,302 - __main__ - INFO - dg >> audio (960 bytes)
2026-05-19 22:40:37,303 - __main__ - INFO - dg >> audio (960 bytes)
2026-05-19 22:40:37,305 - __main__ - INFO - dg >> audio (960 bytes)
2026-05-19 22:40:37,306 - __main__ - INFO - dg >> audio (960 bytes)
2026-05-19 22:40:37,307 - __main__ - INFO - dg >> audio (960 bytes)
2026-05-19 22:40:37,308 - __main__ - INFO - dg >> audio (960 bytes)
2026-05-19 22:40:37,309 - __main__ - INFO - dg >> audio (960 bytes)
2026-05-19 22:40:37,310 - __main__ - INFO - dg >> audio (960 bytes)
2026-05-19 22:40:37,311 - __main__ - INFO - dg >> audio (960 bytes)
2026-05-19 22:40:37,313 - __main__ - INFO - dg >> audio (960 bytes)
2026-05-19 22:40:37,314 - __main__ - INFO - dg >> audio (960 bytes)
2026-05-19 22:40:37,315 - __main__ - INFO - dg >> audio (960 bytes)
2026-05-19 22:40:37,316 - __main__ - INFO - dg >> audio (960 bytes)
2026-05-19 22:40:37,318 - __main__ - INFO - dg >> audio (960 bytes)
2026-05-19 22:40:37,319 - __main__ - INFO - dg >> audio (960 bytes)
2026-05-19 22:40:37,320 - __main__ - INFO - dg >> audio (960 bytes)
2026-05-19 22:40:37,321 - __main__ - INFO - dg >> audio (960 bytes)
2026-05-19 22:40:37,322 - __main__ - INFO - dg >> audio (478 bytes)
2026-05-19 22:40:37,323 - __main__ - INFO - dg << UserStartedSpeaking
2026-05-19 22:40:37,325 - __main__ - INFO - barge-in detected
2026-05-19 22:40:37,326 - __main__ - INFO - client >> audio (2730 bytes)
2026-05-19 22:40:37,329 - __main__ - INFO - dg << AgentAudioDone
2026-05-19 22:40:37,330 - __main__ - INFO - forwarding AgentAudioDone to client
2026-05-19 22:40:37,385 - __main__ - INFO - client >> audio (2730 bytes)
2026-05-19 22:40:37,468 - __main__ - INFO - client >> audio (2730 bytes)
2026-05-19 22:40:37,554 - __main__ - INFO - client >> audio (2730 bytes)
2026-05-19 22:40:37,637 - __main__ - INFO - client >> audio (2730 bytes)
2026-05-19 22:40:37,726 - __main__ - INFO - client >> audio (2730 bytes)
2026-05-19 22:40:37,810 - __main__ - INFO - client >> audio (2730 bytes)
2026-05-19 22:40:37,893 - __main__ - INFO - client >> audio (2730 bytes)
2026-05-19 22:40:37,978 - __main__ - INFO - client >> audio (2730 bytes)
2026-05-19 22:40:37,984 - __main__ - INFO - dg << ConversationText
2026-05-19 22:40:37,985 - __main__ - INFO - dg << History
2026-05-19 22:40:38,069 - __main__ - INFO - client >> audio (2730 bytes)
2026-05-19 22:40:38,165 - __main__ - INFO - client >> audio (2730 bytes)
2026-05-19 22:40:38,241 - __main__ - INFO - client >> audio (2730 bytes)
2026-05-19 22:40:38,320 - __main__ - INFO - client >> audio (2730 bytes)
2026-05-19 22:40:38,408 - __main__ - INFO - client >> audio (2730 bytes)
2026-05-19 22:40:38,492 - __main__ - INFO - client >> audio (2730 bytes)
2026-05-19 22:40:38,576 - __main__ - INFO - client >> audio (2730 bytes)
2026-05-19 22:40:38,640 - __main__ - INFO - dg << UserStartedSpeaking
2026-05-19 22:40:38,641 - __main__ - INFO - barge-in detected
2026-05-19 22:40:38,643 - __main__ - INFO - dg << AgentAudioDone
2026-05-19 22:40:38,643 - __main__ - INFO - forwarding AgentAudioDone to client
2026-05-19 22:40:38,661 - __main__ - INFO - client >> audio (2730 bytes)
2026-05-19 22:40:38,749 - __main__ - INFO - client >> audio (2730 bytes)
2026-05-19 22:40:38,834 - __main__ - INFO - client >> audio (2730 bytes)
2026-05-19 22:40:38,923 - __main__ - INFO - client >> audio (2730 bytes)
2026-05-19 22:40:39,003 - __main__ - INFO - client >> audio (2730 bytes)
2026-05-19 22:40:39,070 - __main__ - INFO - dg << ConversationText
2026-05-19 22:40:39,072 - __main__ - INFO - dg << History
2026-05-19 22:40:39,090 - __main__ - INFO - client >> audio (2730 bytes)
2026-05-19 22:40:39,185 - __main__ - INFO - client >> audio (2730 bytes)
2026-05-19 22:40:39,259 - __main__ - INFO - client >> audio (2730 bytes)
2026-05-19 22:40:39,344 - __main__ - INFO - client >> audio (2730 bytes)
2026-05-19 22:40:39,432 - __main__ - INFO - client >> audio (2730 bytes)
2026-05-19 22:40:39,515 - __main__ - INFO - client >> audio (2730 bytes)
2026-05-19 22:40:39,600 - __main__ - INFO - client >> audio (2730 bytes)
2026-05-19 22:40:39,686 - __main__ - INFO - client >> audio (2730 bytes)
2026-05-19 22:40:39,773 - __main__ - INFO - client >> audio (2730 bytes)
2026-05-19 22:40:39,799 - __main__ - INFO - dg >> audio (960 bytes)
2026-05-19 22:40:39,802 - __main__ - INFO - dg << ConversationText
2026-05-19 22:40:39,803 - __main__ - INFO - dg << History
2026-05-19 22:40:39,804 - __main__ - INFO - dg >> audio (960 bytes)
2026-05-19 22:40:39,805 - __main__ - INFO - dg >> audio (960 bytes)
2026-05-19 22:40:39,808 - __main__ - INFO - dg >> audio (960 bytes)
2026-05-19 22:40:39,809 - __main__ - INFO - dg >> audio (960 bytes)
2026-05-19 22:40:39,810 - __main__ - INFO - dg >> audio (960 bytes)
2026-05-19 22:40:39,811 - __main__ - INFO - dg >> audio (960 bytes)
2026-05-19 22:40:39,813 - __main__ - INFO - dg >> audio (960 bytes)
2026-05-19 22:40:39,814 - __main__ - INFO - dg >> audio (960 bytes)
2026-05-19 22:40:40,058 - __main__ - INFO - client >> audio (2730 bytes)
2026-05-19 22:40:40,083 - __main__ - INFO - dg >> audio (960 bytes)
2026-05-19 22:40:40,085 - __main__ - INFO - dg >> audio (960 bytes)
2026-05-19 22:40:40,086 - __main__ - INFO - dg >> audio (960 bytes)
2026-05-19 22:40:40,088 - __main__ - INFO - dg >> audio (960 bytes)
2026-05-19 22:40:40,089 - __main__ - INFO - dg >> audio (960 bytes)
2026-05-19 22:40:40,090 - __main__ - INFO - dg >> audio (960 bytes)
2026-05-19 22:40:40,091 - __main__ - INFO - dg >> audio (960 bytes)
2026-05-19 22:40:40,093 - __main__ - INFO - dg >> audio (960 bytes)
2026-05-19 22:40:40,094 - __main__ - INFO - dg >> audio (960 bytes)
2026-05-19 22:40:40,095 - __main__ - INFO - dg >> audio (960 bytes)
2026-05-19 22:40:40,096 - __main__ - INFO - dg >> audio (960 bytes)
2026-05-19 22:40:40,098 - __main__ - INFO - dg >> audio (960 bytes)
2026-05-19 22:40:40,099 - __main__ - INFO - dg >> audio (960 bytes)
2026-05-19 22:40:40,100 - __main__ - INFO - dg >> audio (960 bytes)
2026-05-19 22:40:40,101 - __main__ - INFO - dg >> audio (960 bytes)
2026-05-19 22:40:40,102 - __main__ - INFO - dg >> audio (960 bytes)
2026-05-19 22:40:40,103 - __main__ - INFO - dg >> audio (960 bytes)
2026-05-19 22:40:40,105 - __main__ - INFO - dg >> audio (960 bytes)
2026-05-19 22:40:40,106 - __main__ - INFO - dg >> audio (960 bytes)
2026-05-19 22:40:40,107 - __main__ - INFO - dg >> audio (960 bytes)
2026-05-19 22:40:40,108 - __main__ - INFO - dg >> audio (960 bytes)
2026-05-19 22:40:40,109 - __main__ - INFO - dg >> audio (960 bytes)
2026-05-19 22:40:40,111 - __main__ - INFO - dg >> audio (960 bytes)
2026-05-19 22:40:40,112 - __main__ - INFO - dg >> audio (960 bytes)
2026-05-19 22:40:40,113 - __main__ - INFO - dg >> audio (960 bytes)
2026-05-19 22:40:40,114 - __main__ - INFO - dg >> audio (960 bytes)
2026-05-19 22:40:40,115 - __main__ - INFO - dg >> audio (960 bytes)
2026-05-19 22:40:40,116 - __main__ - INFO - dg >> audio (960 bytes)
2026-05-19 22:40:40,221 - __main__ - INFO - client >> audio (2730 bytes)
2026-05-19 22:40:40,283 - __main__ - INFO - client >> audio (2730 bytes)
2026-05-19 22:40:40,355 - __main__ - INFO - dg >> audio (960 bytes)
2026-05-19 22:40:40,357 - __main__ - INFO - dg >> audio (960 bytes)
2026-05-19 22:40:40,359 - __main__ - INFO - dg >> audio (960 bytes)
2026-05-19 22:40:40,360 - __main__ - INFO - dg >> audio (960 bytes)
2026-05-19 22:40:40,361 - __main__ - INFO - dg >> audio (960 bytes)
2026-05-19 22:40:40,363 - __main__ - INFO - dg >> audio (960 bytes)
2026-05-19 22:40:40,365 - __main__ - INFO - dg >> audio (960 bytes)
2026-05-19 22:40:40,366 - __main__ - INFO - dg >> audio (960 bytes)
2026-05-19 22:40:40,368 - __main__ - INFO - dg >> audio (960 bytes)
2026-05-19 22:40:40,369 - __main__ - INFO - dg >> audio (960 bytes)
2026-05-19 22:40:40,370 - __main__ - INFO - dg >> audio (960 bytes)
2026-05-19 22:40:40,371 - __main__ - INFO - dg >> audio (960 bytes)
2026-05-19 22:40:40,372 - __main__ - INFO - dg >> audio (960 bytes)
2026-05-19 22:40:40,373 - __main__ - INFO - dg >> audio (960 bytes)
2026-05-19 22:40:40,374 - __main__ - INFO - dg >> audio (960 bytes)
2026-05-19 22:40:40,374 - __main__ - INFO - dg >> audio (960 bytes)
2026-05-19 22:40:40,376 - __main__ - INFO - dg >> audio (960 bytes)
2026-05-19 22:40:40,378 - __main__ - INFO - dg >> audio (960 bytes)
2026-05-19 22:40:40,379 - __main__ - INFO - dg >> audio (960 bytes)
2026-05-19 22:40:40,380 - __main__ - INFO - dg >> audio (960 bytes)
2026-05-19 22:40:40,381 - __main__ - INFO - dg >> audio (960 bytes)
2026-05-19 22:40:40,382 - __main__ - INFO - dg >> audio (960 bytes)
2026-05-19 22:40:40,383 - __main__ - INFO - dg >> audio (960 bytes)
2026-05-19 22:40:40,384 - __main__ - INFO - dg >> audio (960 bytes)
2026-05-19 22:40:40,385 - __main__ - INFO - dg >> audio (960 bytes)
2026-05-19 22:40:40,386 - __main__ - INFO - dg >> audio (960 bytes)
2026-05-19 22:40:40,387 - __main__ - INFO - dg >> audio (960 bytes)
2026-05-19 22:40:40,388 - __main__ - INFO - dg >> audio (960 bytes)
2026-05-19 22:40:40,389 - __main__ - INFO - dg >> audio (960 bytes)
2026-05-19 22:40:40,390 - __main__ - INFO - dg >> audio (960 bytes)
2026-05-19 22:40:40,390 - __main__ - INFO - dg >> audio (960 bytes)
2026-05-19 22:40:40,391 - __main__ - INFO - dg >> audio (960 bytes)
2026-05-19 22:40:40,392 - __main__ - INFO - dg >> audio (634 bytes)
2026-05-19 22:40:40,539 - __main__ - INFO - client >> audio (2730 bytes)
2026-05-19 22:40:40,628 - __main__ - INFO - client >> audio (2730 bytes)
2026-05-19 22:40:40,713 - __main__ - INFO - client >> audio (2730 bytes)
2026-05-19 22:40:40,796 - __main__ - INFO - client >> audio (2730 bytes)
2026-05-19 22:40:40,880 - __main__ - INFO - client >> audio (2730 bytes)
2026-05-19 22:40:40,969 - __main__ - INFO - client >> audio (2730 bytes)
2026-05-19 22:40:41,055 - __main__ - INFO - client >> audio (2730 bytes)
2026-05-19 22:40:41,137 - __main__ - INFO - client >> audio (2730 bytes)
2026-05-19 22:40:41,222 - __main__ - INFO - client >> audio (2730 bytes)
2026-05-19 22:40:41,307 - __main__ - INFO - client >> audio (2730 bytes)
2026-05-19 22:40:41,397 - __main__ - INFO - client >> audio (2730 bytes)
2026-05-19 22:40:41,478 - __main__ - INFO - client >> audio (2730 bytes)
2026-05-19 22:40:41,562 - __main__ - INFO - client >> audio (2730 bytes)
2026-05-19 22:40:41,651 - __main__ - INFO - client >> audio (2730 bytes)
2026-05-19 22:40:41,738 - __main__ - INFO - client >> audio (2730 bytes)
2026-05-19 22:40:41,820 - __main__ - INFO - client >> audio (2730 bytes)
2026-05-19 22:40:41,892 - __main__ - INFO - dg >> audio (960 bytes)
2026-05-19 22:40:41,894 - __main__ - INFO - dg << ConversationText
2026-05-19 22:40:41,895 - __main__ - INFO - dg << History
2026-05-19 22:40:41,896 - __main__ - INFO - dg >> audio (960 bytes)
2026-05-19 22:40:41,898 - __main__ - INFO - dg >> audio (960 bytes)
2026-05-19 22:40:41,899 - __main__ - INFO - dg >> audio (960 bytes)
2026-05-19 22:40:41,900 - __main__ - INFO - dg >> audio (960 bytes)
2026-05-19 22:40:41,901 - __main__ - INFO - dg >> audio (960 bytes)
2026-05-19 22:40:41,902 - __main__ - INFO - dg >> audio (960 bytes)
2026-05-19 22:40:41,903 - __main__ - INFO - dg >> audio (960 bytes)
2026-05-19 22:40:42,044 - __main__ - INFO - client >> audio (2730 bytes)
2026-05-19 22:40:42,088 - __main__ - INFO - client >> audio (2730 bytes)
2026-05-19 22:40:42,162 - __main__ - INFO - client >> audio (2730 bytes)
2026-05-19 22:40:42,167 - __main__ - INFO - dg >> audio (960 bytes)
2026-05-19 22:40:42,169 - __main__ - INFO - dg >> audio (960 bytes)
2026-05-19 22:40:42,170 - __main__ - INFO - dg >> audio (960 bytes)
2026-05-19 22:40:42,173 - __main__ - INFO - dg >> audio (960 bytes)
2026-05-19 22:40:42,174 - __main__ - INFO - dg >> audio (960 bytes)
2026-05-19 22:40:42,175 - __main__ - INFO - dg >> audio (960 bytes)
2026-05-19 22:40:42,176 - __main__ - INFO - dg >> audio (960 bytes)
2026-05-19 22:40:42,177 - __main__ - INFO - dg >> audio (960 bytes)
2026-05-19 22:40:42,178 - __main__ - INFO - dg >> audio (960 bytes)
2026-05-19 22:40:42,179 - __main__ - INFO - dg >> audio (960 bytes)
2026-05-19 22:40:42,180 - __main__ - INFO - dg >> audio (960 bytes)
2026-05-19 22:40:42,181 - __main__ - INFO - dg >> audio (960 bytes)
2026-05-19 22:40:42,182 - __main__ - INFO - dg >> audio (960 bytes)
2026-05-19 22:40:42,183 - __main__ - INFO - dg >> audio (960 bytes)
2026-05-19 22:40:42,184 - __main__ - INFO - dg >> audio (960 bytes)
2026-05-19 22:40:42,185 - __main__ - INFO - dg >> audio (960 bytes)
2026-05-19 22:40:42,187 - __main__ - INFO - dg >> audio (960 bytes)
2026-05-19 22:40:42,187 - __main__ - INFO - dg >> audio (960 bytes)
2026-05-19 22:40:42,189 - __main__ - INFO - dg >> audio (960 bytes)
2026-05-19 22:40:42,190 - __main__ - INFO - dg >> audio (960 bytes)
2026-05-19 22:40:42,191 - __main__ - INFO - dg >> audio (960 bytes)
2026-05-19 22:40:42,192 - __main__ - INFO - dg >> audio (960 bytes)
2026-05-19 22:40:42,193 - __main__ - INFO - dg >> audio (960 bytes)
2026-05-19 22:40:42,379 - __main__ - INFO - client >> audio (2730 bytes)
2026-05-19 22:40:42,430 - __main__ - INFO - client >> audio (2730 bytes)
2026-05-19 22:40:42,443 - __main__ - INFO - dg >> audio (960 bytes)
2026-05-19 22:40:42,445 - __main__ - INFO - dg >> audio (960 bytes)
2026-05-19 22:40:42,446 - __main__ - INFO - dg >> audio (960 bytes)
2026-05-19 22:40:42,447 - __main__ - INFO - dg >> audio (960 bytes)
2026-05-19 22:40:42,449 - __main__ - INFO - dg >> audio (960 bytes)
2026-05-19 22:40:42,450 - __main__ - INFO - dg >> audio (960 bytes)
2026-05-19 22:40:42,451 - __main__ - INFO - dg >> audio (960 bytes)
2026-05-19 22:40:42,452 - __main__ - INFO - dg >> audio (960 bytes)
2026-05-19 22:40:42,453 - __main__ - INFO - dg >> audio (960 bytes)
2026-05-19 22:40:42,454 - __main__ - INFO - dg >> audio (960 bytes)
2026-05-19 22:40:42,455 - __main__ - INFO - dg >> audio (960 bytes)
2026-05-19 22:40:42,456 - __main__ - INFO - dg >> audio (960 bytes)
2026-05-19 22:40:42,458 - __main__ - INFO - dg >> audio (960 bytes)
2026-05-19 22:40:42,459 - __main__ - INFO - dg >> audio (960 bytes)
2026-05-19 22:40:42,460 - __main__ - INFO - dg >> audio (960 bytes)
2026-05-19 22:40:42,461 - __main__ - INFO - dg >> audio (960 bytes)
2026-05-19 22:40:42,462 - __main__ - INFO - dg >> audio (960 bytes)
2026-05-19 22:40:42,463 - __main__ - INFO - dg >> audio (960 bytes)
2026-05-19 22:40:42,464 - __main__ - INFO - dg >> audio (960 bytes)
2026-05-19 22:40:42,465 - __main__ - INFO - dg >> audio (960 bytes)
2026-05-19 22:40:42,466 - __main__ - INFO - dg >> audio (960 bytes)
2026-05-19 22:40:42,467 - __main__ - INFO - dg >> audio (960 bytes)
2026-05-19 22:40:42,468 - __main__ - INFO - dg >> audio (960 bytes)
2026-05-19 22:40:42,469 - __main__ - INFO - dg >> audio (960 bytes)
2026-05-19 22:40:42,470 - __main__ - INFO - dg >> audio (960 bytes)
2026-05-19 22:40:42,471 - __main__ - INFO - dg >> audio (960 bytes)
2026-05-19 22:40:42,472 - __main__ - INFO - dg >> audio (960 bytes)
2026-05-19 22:40:42,473 - __main__ - INFO - dg >> audio (960 bytes)
2026-05-19 22:40:42,474 - __main__ - INFO - dg >> audio (960 bytes)
2026-05-19 22:40:42,474 - __main__ - INFO - dg >> audio (960 bytes)
2026-05-19 22:40:42,475 - __main__ - INFO - dg >> audio (960 bytes)
2026-05-19 22:40:42,476 - __main__ - INFO - dg >> audio (960 bytes)
2026-05-19 22:40:42,477 - __main__ - INFO - dg >> audio (960 bytes)
2026-05-19 22:40:42,479 - __main__ - INFO - dg >> audio (960 bytes)
2026-05-19 22:40:42,479 - __main__ - INFO - dg >> audio (960 bytes)
2026-05-19 22:40:42,480 - __main__ - INFO - dg >> audio (960 bytes)
2026-05-19 22:40:42,481 - __main__ - INFO - dg >> audio (960 bytes)
2026-05-19 22:40:42,482 - __main__ - INFO - dg >> audio (960 bytes)
2026-05-19 22:40:42,483 - __main__ - INFO - dg >> audio (960 bytes)
2026-05-19 22:40:42,484 - __main__ - INFO - dg >> audio (960 bytes)
2026-05-19 22:40:42,485 - __main__ - INFO - dg >> audio (960 bytes)
2026-05-19 22:40:42,486 - __main__ - INFO - dg >> audio (960 bytes)
2026-05-19 22:40:42,487 - __main__ - INFO - dg >> audio (960 bytes)
2026-05-19 22:40:42,488 - __main__ - INFO - dg >> audio (960 bytes)
2026-05-19 22:40:42,489 - __main__ - INFO - dg >> audio (960 bytes)
2026-05-19 22:40:42,490 - __main__ - INFO - dg >> audio (960 bytes)
2026-05-19 22:40:42,491 - __main__ - INFO - dg >> audio (960 bytes)
2026-05-19 22:40:42,492 - __main__ - INFO - dg >> audio (960 bytes)
2026-05-19 22:40:42,493 - __main__ - INFO - dg >> audio (960 bytes)
2026-05-19 22:40:42,494 - __main__ - INFO - dg >> audio (960 bytes)
2026-05-19 22:40:42,495 - __main__ - INFO - dg >> audio (960 bytes)
2026-05-19 22:40:42,496 - __main__ - INFO - dg >> audio (960 bytes)
2026-05-19 22:40:42,497 - __main__ - INFO - dg >> audio (960 bytes)
2026-05-19 22:40:42,513 - __main__ - INFO - client >> audio (2730 bytes)
2026-05-19 22:40:42,610 - __main__ - INFO - client >> audio (2730 bytes)
2026-05-19 22:40:42,680 - __main__ - INFO - client >> audio (2730 bytes)
2026-05-19 22:40:42,759 - __main__ - INFO - dg >> audio (960 bytes)
2026-05-19 22:40:42,761 - __main__ - INFO - dg >> audio (960 bytes)
2026-05-19 22:40:42,762 - __main__ - INFO - dg >> audio (960 bytes)
2026-05-19 22:40:42,763 - __main__ - INFO - dg >> audio (960 bytes)
2026-05-19 22:40:42,764 - __main__ - INFO - dg >> audio (960 bytes)
2026-05-19 22:40:42,765 - __main__ - INFO - dg >> audio (960 bytes)
2026-05-19 22:40:42,766 - __main__ - INFO - dg >> audio (960 bytes)
2026-05-19 22:40:42,767 - __main__ - INFO - dg >> audio (960 bytes)
2026-05-19 22:40:42,768 - __main__ - INFO - dg >> audio (960 bytes)
2026-05-19 22:40:42,769 - __main__ - INFO - dg >> audio (960 bytes)
2026-05-19 22:40:42,770 - __main__ - INFO - dg >> audio (960 bytes)
2026-05-19 22:40:42,772 - __main__ - INFO - dg >> audio (960 bytes)
2026-05-19 22:40:42,772 - __main__ - INFO - dg >> audio (960 bytes)
2026-05-19 22:40:42,773 - __main__ - INFO - dg >> audio (960 bytes)
2026-05-19 22:40:42,774 - __main__ - INFO - dg >> audio (960 bytes)
2026-05-19 22:40:42,775 - __main__ - INFO - dg >> audio (960 bytes)
2026-05-19 22:40:42,776 - __main__ - INFO - dg >> audio (960 bytes)
2026-05-19 22:40:42,777 - __main__ - INFO - dg >> audio (960 bytes)
2026-05-19 22:40:42,778 - __main__ - INFO - dg >> audio (960 bytes)
2026-05-19 22:40:42,779 - __main__ - INFO - dg >> audio (960 bytes)
2026-05-19 22:40:42,780 - __main__ - INFO - dg >> audio (960 bytes)
2026-05-19 22:40:42,781 - __main__ - INFO - dg >> audio (960 bytes)
2026-05-19 22:40:42,782 - __main__ - INFO - dg >> audio (960 bytes)
2026-05-19 22:40:42,783 - __main__ - INFO - dg >> audio (960 bytes)
2026-05-19 22:40:42,784 - __main__ - INFO - dg >> audio (960 bytes)
2026-05-19 22:40:42,785 - __main__ - INFO - dg >> audio (960 bytes)
2026-05-19 22:40:42,786 - __main__ - INFO - dg >> audio (960 bytes)
2026-05-19 22:40:42,787 - __main__ - INFO - dg >> audio (960 bytes)
2026-05-19 22:40:42,788 - __main__ - INFO - dg >> audio (960 bytes)
2026-05-19 22:40:42,789 - __main__ - INFO - dg >> audio (960 bytes)
2026-05-19 22:40:42,790 - __main__ - INFO - dg >> audio (960 bytes)
2026-05-19 22:40:42,791 - __main__ - INFO - dg >> audio (960 bytes)
2026-05-19 22:40:42,792 - __main__ - INFO - dg >> audio (960 bytes)
2026-05-19 22:40:42,793 - __main__ - INFO - dg >> audio (960 bytes)
2026-05-19 22:40:42,794 - __main__ - INFO - dg >> audio (960 bytes)
2026-05-19 22:40:42,795 - __main__ - INFO - dg >> audio (960 bytes)
2026-05-19 22:40:42,796 - __main__ - INFO - dg >> audio (960 bytes)
2026-05-19 22:40:42,797 - __main__ - INFO - dg >> audio (960 bytes)
2026-05-19 22:40:42,798 - __main__ - INFO - dg >> audio (960 bytes)
2026-05-19 22:40:42,799 - __main__ - INFO - dg >> audio (960 bytes)
2026-05-19 22:40:42,800 - __main__ - INFO - dg >> audio (960 bytes)
2026-05-19 22:40:42,801 - __main__ - INFO - dg >> audio (744 bytes)
2026-05-19 22:40:42,802 - __main__ - INFO - dg << AgentAudioDone
2026-05-19 22:40:42,803 - __main__ - INFO - forwarding AgentAudioDone to client
2026-05-19 22:40:42,804 - __main__ - INFO - client >> audio (2730 bytes)
2026-05-19 22:40:42,868 - __main__ - INFO - client >> audio (2730 bytes)
2026-05-19 22:40:42,982 - __main__ - INFO - client >> audio (2730 bytes)
2026-05-19 22:40:43,019 - __main__ - INFO - client >> audio (2730 bytes)
2026-05-19 22:40:43,099 - __main__ - INFO - client >> audio (2730 bytes)
2026-05-19 22:40:43,185 - __main__ - INFO - client >> audio (2730 bytes)
2026-05-19 22:40:43,274 - __main__ - INFO - client >> audio (2730 bytes)
2026-05-19 22:40:43,358 - __main__ - INFO - client >> audio (2730 bytes)
2026-05-19 22:40:43,442 - __main__ - INFO - client >> audio (2730 bytes)
2026-05-19 22:40:43,525 - __main__ - INFO - client >> audio (2730 bytes)
2026-05-19 22:40:43,612 - __main__ - INFO - client >> audio (2730 bytes)
2026-05-19 22:40:43,700 - __main__ - INFO - client >> audio (2730 bytes)
2026-05-19 22:40:43,783 - __main__ - INFO - client >> audio (2730 bytes)
2026-05-19 22:40:43,873 - __main__ - INFO - client >> audio (2730 bytes)
2026-05-19 22:40:43,957 - __main__ - INFO - client >> audio (2730 bytes)
2026-05-19 22:40:44,040 - __main__ - INFO - client >> audio (2730 bytes)
2026-05-19 22:40:44,130 - __main__ - INFO - client >> audio (2730 bytes)
2026-05-19 22:40:44,209 - __main__ - INFO - client >> audio (2730 bytes)
2026-05-19 22:40:44,294 - __main__ - INFO - client >> audio (2730 bytes)
2026-05-19 22:40:44,382 - __main__ - INFO - client >> audio (2730 bytes)
2026-05-19 22:40:44,465 - __main__ - INFO - client >> audio (2730 bytes)
2026-05-19 22:40:44,550 - __main__ - INFO - client >> audio (2730 bytes)
2026-05-19 22:40:44,635 - __main__ - INFO - client >> audio (2730 bytes)
2026-05-19 22:40:44,723 - __main__ - INFO - client >> audio (2730 bytes)
2026-05-19 22:40:44,806 - __main__ - INFO - client >> audio (2730 bytes)
2026-05-19 22:40:44,891 - __main__ - INFO - client >> audio (2730 bytes)
2026-05-19 22:40:44,977 - __main__ - INFO - client >> audio (2730 bytes)
2026-05-19 22:40:45,064 - __main__ - INFO - client >> audio (2730 bytes)
2026-05-19 22:40:45,147 - __main__ - INFO - client >> audio (2730 bytes)
2026-05-19 22:40:45,232 - __main__ - INFO - client >> audio (2730 bytes)
2026-05-19 22:40:45,318 - __main__ - INFO - client >> audio (2730 bytes)
2026-05-19 22:40:45,405 - __main__ - INFO - client >> audio (2730 bytes)
2026-05-19 22:40:45,488 - __main__ - INFO - client >> audio (2730 bytes)
2026-05-19 22:40:45,573 - __main__ - INFO - client >> audio (2730 bytes)
2026-05-19 22:40:45,662 - __main__ - INFO - client >> audio (2730 bytes)
2026-05-19 22:40:45,746 - __main__ - INFO - client >> audio (2730 bytes)
2026-05-19 22:40:45,829 - __main__ - INFO - client >> audio (2730 bytes)
2026-05-19 22:40:45,915 - __main__ - INFO - client >> audio (2730 bytes)
2026-05-19 22:40:46,004 - __main__ - INFO - client >> audio (2730 bytes)
2026-05-19 22:40:46,087 - __main__ - INFO - client >> audio (2730 bytes)
2026-05-19 22:40:46,177 - __main__ - INFO - client >> audio (2730 bytes)
2026-05-19 22:40:46,256 - __main__ - INFO - client >> audio (2730 bytes)
2026-05-19 22:40:46,345 - __main__ - INFO - client >> audio (2730 bytes)
2026-05-19 22:40:46,428 - __main__ - INFO - client >> audio (2730 bytes)
2026-05-19 22:40:46,512 - __main__ - INFO - client >> audio (2730 bytes)
2026-05-19 22:40:46,598 - __main__ - INFO - client >> audio (2730 bytes)
2026-05-19 22:40:46,686 - __main__ - INFO - client >> audio (2730 bytes)
2026-05-19 22:40:46,769 - __main__ - INFO - client >> audio (2730 bytes)
2026-05-19 22:40:46,854 - __main__ - INFO - client >> audio (2730 bytes)
2026-05-19 22:40:46,939 - __main__ - INFO - client >> audio (2730 bytes)
2026-05-19 22:40:47,027 - __main__ - INFO - client >> audio (2730 bytes)
2026-05-19 22:40:47,110 - __main__ - INFO - client >> audio (2730 bytes)
2026-05-19 22:40:47,194 - __main__ - INFO - client >> audio (2730 bytes)
2026-05-19 22:40:47,280 - __main__ - INFO - client >> audio (2730 bytes)
2026-05-19 22:40:47,368 - __main__ - INFO - client >> audio (2730 bytes)
2026-05-19 22:40:47,396 - __main__ - INFO - dg << UserStartedSpeaking
2026-05-19 22:40:47,398 - __main__ - INFO - barge-in detected
2026-05-19 22:40:47,454 - __main__ - INFO - client >> audio (2730 bytes)
2026-05-19 22:40:47,536 - __main__ - INFO - client >> audio (2730 bytes)
2026-05-19 22:40:47,622 - __main__ - INFO - client >> audio (2730 bytes)
2026-05-19 22:40:47,709 - __main__ - INFO - client >> audio (2730 bytes)
2026-05-19 22:40:47,792 - __main__ - INFO - client >> audio (2730 bytes)
2026-05-19 22:40:47,877 - __main__ - INFO - client >> audio (2730 bytes)
2026-05-19 22:40:47,963 - __main__ - INFO - client >> audio (2730 bytes)
2026-05-19 22:40:48,050 - __main__ - INFO - client >> audio (2730 bytes)
2026-05-19 22:40:48,134 - __main__ - INFO - client >> audio (2730 bytes)
2026-05-19 22:40:48,219 - __main__ - INFO - client >> audio (2730 bytes)
2026-05-19 22:40:48,309 - __main__ - INFO - client >> audio (2730 bytes)
2026-05-19 22:40:48,391 - __main__ - INFO - client >> audio (2730 bytes)
2026-05-19 22:40:48,475 - __main__ - INFO - client >> audio (2730 bytes)
2026-05-19 22:40:48,560 - __main__ - INFO - client >> audio (2730 bytes)
2026-05-19 22:40:48,650 - __main__ - INFO - client >> audio (2730 bytes)
2026-05-19 22:40:48,732 - __main__ - INFO - client >> audio (2730 bytes)
2026-05-19 22:40:48,817 - __main__ - INFO - client >> audio (2730 bytes)
2026-05-19 22:40:48,902 - __main__ - INFO - client >> audio (2730 bytes)
2026-05-19 22:40:48,990 - __main__ - INFO - client >> audio (2730 bytes)
2026-05-19 22:40:49,073 - __main__ - INFO - client >> audio (2730 bytes)
2026-05-19 22:40:49,158 - __main__ - INFO - client >> audio (2730 bytes)
2026-05-19 22:40:49,243 - __main__ - INFO - client >> audio (2730 bytes)
2026-05-19 22:40:49,331 - __main__ - INFO - client >> audio (2730 bytes)
2026-05-19 22:40:49,415 - __main__ - INFO - client >> audio (2730 bytes)
2026-05-19 22:40:49,499 - __main__ - INFO - client >> audio (2730 bytes)
2026-05-19 22:40:49,575 - __main__ - INFO - dg << ConversationText
2026-05-19 22:40:49,576 - __main__ - INFO - dg << History
2026-05-19 22:40:49,595 - __main__ - INFO - client >> audio (2730 bytes)
2026-05-19 22:40:49,670 - __main__ - INFO - client >> audio (2730 bytes)
2026-05-19 22:40:49,770 - __main__ - INFO - client >> audio (2730 bytes)
2026-05-19 22:40:49,841 - __main__ - INFO - client >> audio (2730 bytes)
2026-05-19 22:40:49,933 - __main__ - INFO - client >> audio (2730 bytes)
2026-05-19 22:40:50,014 - __main__ - INFO - client >> audio (2730 bytes)
2026-05-19 22:40:50,096 - __main__ - INFO - client >> audio (2730 bytes)
2026-05-19 22:40:50,182 - __main__ - INFO - client >> audio (2730 bytes)
2026-05-19 22:40:50,267 - __main__ - INFO - client >> audio (2730 bytes)
2026-05-19 22:40:50,359 - __main__ - INFO - client >> audio (2730 bytes)
2026-05-19 22:40:50,441 - __main__ - INFO - client >> audio (2730 bytes)
2026-05-19 22:40:50,523 - __main__ - INFO - client >> audio (2730 bytes)
2026-05-19 22:40:50,609 - __main__ - INFO - client >> audio (2730 bytes)
2026-05-19 22:40:50,684 - __main__ - INFO - dg << UserStartedSpeaking
2026-05-19 22:40:50,686 - __main__ - INFO - barge-in detected
2026-05-19 22:40:50,687 - __main__ - INFO - dg << AgentAudioDone
2026-05-19 22:40:50,688 - __main__ - INFO - forwarding AgentAudioDone to client
2026-05-19 22:40:50,695 - __main__ - INFO - client >> audio (2730 bytes)
2026-05-19 22:40:50,779 - __main__ - INFO - client >> audio (2730 bytes)
2026-05-19 22:40:50,864 - __main__ - INFO - client >> audio (2730 bytes)
2026-05-19 22:40:50,953 - __main__ - INFO - client >> audio (2730 bytes)
2026-05-19 22:40:51,037 - __main__ - INFO - client >> audio (2730 bytes)
2026-05-19 22:40:51,120 - __main__ - INFO - client >> audio (2730 bytes)
2026-05-19 22:40:51,206 - __main__ - INFO - client >> audio (2730 bytes)
2026-05-19 22:40:51,294 - __main__ - INFO - client >> audio (2730 bytes)
2026-05-19 22:40:51,378 - __main__ - INFO - client >> audio (2730 bytes)
2026-05-19 22:40:51,467 - __main__ - INFO - client >> audio (2730 bytes)
2026-05-19 22:40:51,533 - __main__ - INFO - dg << ConversationText
2026-05-19 22:40:51,535 - __main__ - INFO - dg << History
2026-05-19 22:40:51,553 - __main__ - INFO - client >> audio (2730 bytes)
2026-05-19 22:40:51,646 - __main__ - INFO - client >> audio (2730 bytes)
2026-05-19 22:40:51,719 - __main__ - INFO - client >> audio (2730 bytes)
2026-05-19 22:40:51,809 - __main__ - INFO - client >> audio (2730 bytes)
2026-05-19 22:40:51,889 - __main__ - INFO - client >> audio (2730 bytes)
2026-05-19 22:40:51,983 - __main__ - INFO - client >> audio (2730 bytes)
2026-05-19 22:40:52,060 - __main__ - INFO - client >> audio (2730 bytes)
2026-05-19 22:40:52,145 - __main__ - INFO - client >> audio (2730 bytes)
2026-05-19 22:40:52,230 - __main__ - INFO - client >> audio (2730 bytes)
2026-05-19 22:40:52,317 - __main__ - INFO - client >> audio (2730 bytes)
2026-05-19 22:40:52,329 - __main__ - INFO - dg >> audio (960 bytes)
2026-05-19 22:40:52,332 - __main__ - INFO - dg << ConversationText
2026-05-19 22:40:52,332 - __main__ - INFO - dg << History
2026-05-19 22:40:52,333 - __main__ - INFO - dg >> audio (960 bytes)
2026-05-19 22:40:52,334 - __main__ - INFO - dg >> audio (960 bytes)
2026-05-19 22:40:52,335 - __main__ - INFO - dg >> audio (960 bytes)
2026-05-19 22:40:52,336 - __main__ - INFO - dg >> audio (960 bytes)
2026-05-19 22:40:52,339 - __main__ - INFO - dg >> audio (960 bytes)
2026-05-19 22:40:52,341 - __main__ - INFO - dg >> audio (960 bytes)
2026-05-19 22:40:52,342 - __main__ - INFO - dg >> audio (960 bytes)
2026-05-19 22:40:52,343 - __main__ - INFO - dg >> audio (960 bytes)
2026-05-19 22:40:52,344 - __main__ - INFO - dg >> audio (960 bytes)
2026-05-19 22:40:52,584 - __main__ - INFO - client >> audio (2730 bytes)
2026-05-19 22:40:52,604 - __main__ - INFO - dg >> audio (960 bytes)
2026-05-19 22:40:52,606 - __main__ - INFO - dg >> audio (960 bytes)
2026-05-19 22:40:52,608 - __main__ - INFO - dg >> audio (960 bytes)
2026-05-19 22:40:52,608 - __main__ - INFO - dg >> audio (960 bytes)
2026-05-19 22:40:52,609 - __main__ - INFO - dg >> audio (960 bytes)
2026-05-19 22:40:52,610 - __main__ - INFO - dg >> audio (960 bytes)
2026-05-19 22:40:52,611 - __main__ - INFO - dg >> audio (960 bytes)
2026-05-19 22:40:52,615 - __main__ - INFO - dg >> audio (960 bytes)
2026-05-19 22:40:52,616 - __main__ - INFO - dg >> audio (960 bytes)
2026-05-19 22:40:52,617 - __main__ - INFO - dg >> audio (960 bytes)
2026-05-19 22:40:52,618 - __main__ - INFO - dg >> audio (960 bytes)
2026-05-19 22:40:52,619 - __main__ - INFO - dg >> audio (960 bytes)
2026-05-19 22:40:52,620 - __main__ - INFO - dg >> audio (960 bytes)
2026-05-19 22:40:52,621 - __main__ - INFO - dg >> audio (960 bytes)
2026-05-19 22:40:52,622 - __main__ - INFO - dg >> audio (960 bytes)
2026-05-19 22:40:52,623 - __main__ - INFO - dg >> audio (960 bytes)
2026-05-19 22:40:52,624 - __main__ - INFO - dg >> audio (960 bytes)
2026-05-19 22:40:52,625 - __main__ - INFO - dg >> audio (960 bytes)
2026-05-19 22:40:52,626 - __main__ - INFO - dg >> audio (960 bytes)
2026-05-19 22:40:52,627 - __main__ - INFO - dg >> audio (960 bytes)
2026-05-19 22:40:52,628 - __main__ - INFO - dg >> audio (960 bytes)
2026-05-19 22:40:52,629 - __main__ - INFO - dg >> audio (960 bytes)
2026-05-19 22:40:52,630 - __main__ - INFO - dg >> audio (960 bytes)
2026-05-19 22:40:52,631 - __main__ - INFO - dg >> audio (960 bytes)
2026-05-19 22:40:52,632 - __main__ - INFO - dg >> audio (960 bytes)
2026-05-19 22:40:52,633 - __main__ - INFO - dg >> audio (960 bytes)
2026-05-19 22:40:52,634 - __main__ - INFO - dg >> audio (960 bytes)
2026-05-19 22:40:52,635 - __main__ - INFO - dg >> audio (960 bytes)
2026-05-19 22:40:52,636 - __main__ - INFO - dg >> audio (960 bytes)
2026-05-19 22:40:52,782 - __main__ - INFO - client >> audio (2730 bytes)
2026-05-19 22:40:52,857 - __main__ - INFO - client >> audio (2730 bytes)
2026-05-19 22:40:52,881 - __main__ - INFO - dg >> audio (960 bytes)
2026-05-19 22:40:52,883 - __main__ - INFO - dg >> audio (960 bytes)
2026-05-19 22:40:52,884 - __main__ - INFO - dg >> audio (960 bytes)
2026-05-19 22:40:52,885 - __main__ - INFO - dg >> audio (960 bytes)
2026-05-19 22:40:52,886 - __main__ - INFO - dg >> audio (960 bytes)
2026-05-19 22:40:52,890 - __main__ - INFO - dg >> audio (960 bytes)
2026-05-19 22:40:52,891 - __main__ - INFO - dg >> audio (960 bytes)
2026-05-19 22:40:52,892 - __main__ - INFO - dg >> audio (960 bytes)
2026-05-19 22:40:52,893 - __main__ - INFO - dg >> audio (960 bytes)
2026-05-19 22:40:52,895 - __main__ - INFO - dg >> audio (960 bytes)
2026-05-19 22:40:52,896 - __main__ - INFO - dg >> audio (960 bytes)
2026-05-19 22:40:52,897 - __main__ - INFO - dg >> audio (960 bytes)
2026-05-19 22:40:52,898 - __main__ - INFO - dg >> audio (960 bytes)
2026-05-19 22:40:52,899 - __main__ - INFO - dg >> audio (960 bytes)
2026-05-19 22:40:52,900 - __main__ - INFO - dg >> audio (960 bytes)
2026-05-19 22:40:52,901 - __main__ - INFO - dg >> audio (960 bytes)
2026-05-19 22:40:52,902 - __main__ - INFO - dg >> audio (960 bytes)
2026-05-19 22:40:52,903 - __main__ - INFO - dg >> audio (960 bytes)
2026-05-19 22:40:52,904 - __main__ - INFO - dg >> audio (960 bytes)
2026-05-19 22:40:52,905 - __main__ - INFO - dg >> audio (960 bytes)
2026-05-19 22:40:52,906 - __main__ - INFO - dg >> audio (960 bytes)
2026-05-19 22:40:52,907 - __main__ - INFO - dg >> audio (960 bytes)
2026-05-19 22:40:52,908 - __main__ - INFO - dg >> audio (960 bytes)
2026-05-19 22:40:52,909 - __main__ - INFO - dg >> audio (960 bytes)
2026-05-19 22:40:52,910 - __main__ - INFO - dg >> audio (960 bytes)
2026-05-19 22:40:52,911 - __main__ - INFO - dg >> audio (960 bytes)
2026-05-19 22:40:52,912 - __main__ - INFO - dg >> audio (960 bytes)
2026-05-19 22:40:52,913 - __main__ - INFO - dg >> audio (960 bytes)
2026-05-19 22:40:52,914 - __main__ - INFO - dg >> audio (960 bytes)
2026-05-19 22:40:52,915 - __main__ - INFO - dg >> audio (960 bytes)
2026-05-19 22:40:52,916 - __main__ - INFO - dg >> audio (960 bytes)
2026-05-19 22:40:52,917 - __main__ - INFO - dg >> audio (960 bytes)
2026-05-19 22:40:52,918 - __main__ - INFO - dg >> audio (960 bytes)
2026-05-19 22:40:52,919 - __main__ - INFO - dg >> audio (960 bytes)
2026-05-19 22:40:52,920 - __main__ - INFO - dg >> audio (960 bytes)
2026-05-19 22:40:52,921 - __main__ - INFO - dg >> audio (960 bytes)
2026-05-19 22:40:52,922 - __main__ - INFO - dg >> audio (960 bytes)
2026-05-19 22:40:52,924 - __main__ - INFO - dg >> audio (960 bytes)
2026-05-19 22:40:52,925 - __main__ - INFO - dg >> audio (960 bytes)
2026-05-19 22:40:52,926 - __main__ - INFO - dg >> audio (960 bytes)
2026-05-19 22:40:52,927 - __main__ - INFO - dg >> audio (960 bytes)
2026-05-19 22:40:52,928 - __main__ - INFO - dg >> audio (960 bytes)
2026-05-19 22:40:52,929 - __main__ - INFO - dg >> audio (960 bytes)
2026-05-19 22:40:52,930 - __main__ - INFO - dg >> audio (960 bytes)
2026-05-19 22:40:52,931 - __main__ - INFO - dg >> audio (960 bytes)
2026-05-19 22:40:52,932 - __main__ - INFO - dg >> audio (960 bytes)
2026-05-19 22:40:52,933 - __main__ - INFO - dg >> audio (960 bytes)
2026-05-19 22:40:52,934 - __main__ - INFO - dg >> audio (960 bytes)
2026-05-19 22:40:52,935 - __main__ - INFO - dg >> audio (960 bytes)
2026-05-19 22:40:52,936 - __main__ - INFO - dg >> audio (960 bytes)
2026-05-19 22:40:52,937 - __main__ - INFO - dg >> audio (960 bytes)
2026-05-19 22:40:52,939 - __main__ - INFO - dg >> audio (960 bytes)
2026-05-19 22:40:52,940 - __main__ - INFO - dg >> audio (960 bytes)
2026-05-19 22:40:52,941 - __main__ - INFO - dg >> audio (960 bytes)
2026-05-19 22:40:52,942 - __main__ - INFO - dg >> audio (960 bytes)
2026-05-19 22:40:52,943 - __main__ - INFO - dg >> audio (960 bytes)
2026-05-19 22:40:52,944 - __main__ - INFO - dg >> audio (960 bytes)
2026-05-19 22:40:52,945 - __main__ - INFO - dg >> audio (960 bytes)
2026-05-19 22:40:53,088 - __main__ - INFO - client >> audio (2730 bytes)
2026-05-19 22:40:53,160 - __main__ - INFO - dg >> audio (960 bytes)
2026-05-19 22:40:53,162 - __main__ - INFO - dg >> audio (960 bytes)
2026-05-19 22:40:53,163 - __main__ - INFO - dg >> audio (960 bytes)
2026-05-19 22:40:53,165 - __main__ - INFO - dg >> audio (960 bytes)
2026-05-19 22:40:53,166 - __main__ - INFO - dg >> audio (960 bytes)
2026-05-19 22:40:53,169 - __main__ - INFO - dg >> audio (960 bytes)
2026-05-19 22:40:53,171 - __main__ - INFO - dg >> audio (960 bytes)
2026-05-19 22:40:53,172 - __main__ - INFO - dg >> audio (960 bytes)
2026-05-19 22:40:53,174 - __main__ - INFO - dg >> audio (960 bytes)
2026-05-19 22:40:53,175 - __main__ - INFO - dg >> audio (960 bytes)
2026-05-19 22:40:53,176 - __main__ - INFO - dg >> audio (960 bytes)
2026-05-19 22:40:53,177 - __main__ - INFO - dg >> audio (960 bytes)
2026-05-19 22:40:53,178 - __main__ - INFO - dg >> audio (960 bytes)
2026-05-19 22:40:53,179 - __main__ - INFO - dg >> audio (960 bytes)
2026-05-19 22:40:53,181 - __main__ - INFO - dg >> audio (960 bytes)
2026-05-19 22:40:53,182 - __main__ - INFO - dg >> audio (960 bytes)
2026-05-19 22:40:53,183 - __main__ - INFO - dg >> audio (960 bytes)
2026-05-19 22:40:53,184 - __main__ - INFO - dg >> audio (960 bytes)
2026-05-19 22:40:53,185 - __main__ - INFO - dg >> audio (960 bytes)
2026-05-19 22:40:53,186 - __main__ - INFO - dg >> audio (960 bytes)
2026-05-19 22:40:53,187 - __main__ - INFO - dg >> audio (960 bytes)
2026-05-19 22:40:53,188 - __main__ - INFO - dg >> audio (960 bytes)
2026-05-19 22:40:53,189 - __main__ - INFO - dg >> audio (960 bytes)
2026-05-19 22:40:53,190 - __main__ - INFO - dg >> audio (960 bytes)
2026-05-19 22:40:53,192 - __main__ - INFO - dg >> audio (960 bytes)
2026-05-19 22:40:53,194 - __main__ - INFO - dg >> audio (960 bytes)
2026-05-19 22:40:53,195 - __main__ - INFO - dg >> audio (960 bytes)
2026-05-19 22:40:53,196 - __main__ - INFO - dg >> audio (960 bytes)
2026-05-19 22:40:53,197 - __main__ - INFO - dg >> audio (960 bytes)
2026-05-19 22:40:53,198 - __main__ - INFO - dg >> audio (960 bytes)
2026-05-19 22:40:53,199 - __main__ - INFO - dg >> audio (960 bytes)
2026-05-19 22:40:53,200 - __main__ - INFO - dg >> audio (960 bytes)
2026-05-19 22:40:53,201 - __main__ - INFO - dg >> audio (960 bytes)
2026-05-19 22:40:53,202 - __main__ - INFO - dg >> audio (960 bytes)
2026-05-19 22:40:53,203 - __main__ - INFO - dg >> audio (960 bytes)
2026-05-19 22:40:53,204 - __main__ - INFO - dg >> audio (960 bytes)
2026-05-19 22:40:53,206 - __main__ - INFO - dg >> audio (960 bytes)
2026-05-19 22:40:53,207 - __main__ - INFO - dg >> audio (960 bytes)
2026-05-19 22:40:53,208 - __main__ - INFO - dg >> audio (960 bytes)
2026-05-19 22:40:53,209 - __main__ - INFO - dg >> audio (960 bytes)
2026-05-19 22:40:53,210 - __main__ - INFO - dg >> audio (960 bytes)
2026-05-19 22:40:53,211 - __main__ - INFO - dg >> audio (960 bytes)
2026-05-19 22:40:53,212 - __main__ - INFO - dg >> audio (960 bytes)
2026-05-19 22:40:53,213 - __main__ - INFO - dg >> audio (960 bytes)
2026-05-19 22:40:53,214 - __main__ - INFO - dg >> audio (960 bytes)
2026-05-19 22:40:53,215 - __main__ - INFO - dg >> audio (960 bytes)
2026-05-19 22:40:53,217 - __main__ - INFO - dg >> audio (960 bytes)
2026-05-19 22:40:53,218 - __main__ - INFO - dg >> audio (960 bytes)
2026-05-19 22:40:53,219 - __main__ - INFO - dg >> audio (960 bytes)
2026-05-19 22:40:53,220 - __main__ - INFO - dg >> audio (960 bytes)
2026-05-19 22:40:53,221 - __main__ - INFO - dg >> audio (960 bytes)
2026-05-19 22:40:53,222 - __main__ - INFO - dg >> audio (960 bytes)
2026-05-19 22:40:53,223 - __main__ - INFO - dg >> audio (960 bytes)
2026-05-19 22:40:53,224 - __main__ - INFO - dg >> audio (960 bytes)
2026-05-19 22:40:53,225 - __main__ - INFO - dg >> audio (960 bytes)
2026-05-19 22:40:53,226 - __main__ - INFO - dg >> audio (960 bytes)
2026-05-19 22:40:53,227 - __main__ - INFO - dg >> audio (960 bytes)
2026-05-19 22:40:53,228 - __main__ - INFO - dg >> audio (960 bytes)
2026-05-19 22:40:53,229 - __main__ - INFO - dg >> audio (960 bytes)
2026-05-19 22:40:53,230 - __main__ - INFO - dg >> audio (960 bytes)
2026-05-19 22:40:53,231 - __main__ - INFO - dg >> audio (960 bytes)
2026-05-19 22:40:53,232 - __main__ - INFO - dg >> audio (960 bytes)
2026-05-19 22:40:53,233 - __main__ - INFO - dg >> audio (960 bytes)
2026-05-19 22:40:53,234 - __main__ - INFO - dg >> audio (960 bytes)
2026-05-19 22:40:53,235 - __main__ - INFO - dg >> audio (960 bytes)
2026-05-19 22:40:53,236 - __main__ - INFO - dg >> audio (960 bytes)
2026-05-19 22:40:53,237 - __main__ - INFO - dg >> audio (960 bytes)
2026-05-19 22:40:53,238 - __main__ - INFO - dg >> audio (84 bytes)
2026-05-19 22:40:53,394 - __main__ - INFO - client >> audio (2730 bytes)
2026-05-19 22:40:53,437 - __main__ - INFO - client >> audio (2730 bytes)
2026-05-19 22:40:53,510 - __main__ - INFO - client >> audio (2730 bytes)
2026-05-19 22:40:53,600 - __main__ - INFO - client >> audio (2730 bytes)
2026-05-19 22:40:53,690 - __main__ - INFO - client >> audio (2730 bytes)
2026-05-19 22:40:53,766 - __main__ - INFO - client >> audio (2730 bytes)
2026-05-19 22:40:53,851 - __main__ - INFO - client >> audio (2730 bytes)
2026-05-19 22:40:53,939 - __main__ - INFO - client >> audio (2730 bytes)
2026-05-19 22:40:54,023 - __main__ - INFO - client >> audio (2730 bytes)
2026-05-19 22:40:54,113 - __main__ - INFO - client >> audio (2730 bytes)
2026-05-19 22:40:54,196 - __main__ - INFO - client >> audio (2730 bytes)
2026-05-19 22:40:54,281 - __main__ - INFO - client >> audio (2730 bytes)
2026-05-19 22:40:54,364 - __main__ - INFO - client >> audio (2730 bytes)
2026-05-19 22:40:54,448 - __main__ - INFO - client >> audio (2730 bytes)
2026-05-19 22:40:54,535 - __main__ - INFO - client >> audio (2730 bytes)
2026-05-19 22:40:54,623 - __main__ - INFO - client >> audio (2730 bytes)
2026-05-19 22:40:54,705 - __main__ - INFO - client >> audio (2730 bytes)
2026-05-19 22:40:54,790 - __main__ - INFO - client >> audio (2730 bytes)
2026-05-19 22:40:54,877 - __main__ - INFO - client >> audio (2730 bytes)
2026-05-19 22:40:54,963 - __main__ - INFO - client >> audio (2730 bytes)
2026-05-19 22:40:55,047 - __main__ - INFO - client >> audio (2730 bytes)
2026-05-19 22:40:55,131 - __main__ - INFO - client >> audio (2730 bytes)
2026-05-19 22:40:55,217 - __main__ - INFO - client >> audio (2730 bytes)
2026-05-19 22:40:55,305 - __main__ - INFO - client >> audio (2730 bytes)
2026-05-19 22:40:55,388 - __main__ - INFO - client >> audio (2730 bytes)
2026-05-19 22:40:55,472 - __main__ - INFO - client >> audio (2730 bytes)
2026-05-19 22:40:55,559 - __main__ - INFO - client >> audio (2730 bytes)
2026-05-19 22:40:55,645 - __main__ - INFO - client >> audio (2730 bytes)
2026-05-19 22:40:55,728 - __main__ - INFO - client >> audio (2730 bytes)
2026-05-19 22:40:55,814 - __main__ - INFO - client >> audio (2730 bytes)
2026-05-19 22:40:55,903 - __main__ - INFO - client >> audio (2730 bytes)
2026-05-19 22:40:55,987 - __main__ - INFO - client >> audio (2730 bytes)
2026-05-19 22:40:56,070 - __main__ - INFO - client >> audio (2730 bytes)
2026-05-19 22:40:56,155 - __main__ - INFO - client >> audio (2730 bytes)
2026-05-19 22:40:56,244 - __main__ - INFO - client >> audio (2730 bytes)
2026-05-19 22:40:56,327 - __main__ - INFO - client >> audio (2730 bytes)
2026-05-19 22:40:56,411 - __main__ - INFO - client >> audio (2730 bytes)
2026-05-19 22:40:56,496 - __main__ - INFO - client >> audio (2730 bytes)
2026-05-19 22:40:56,585 - __main__ - INFO - client >> audio (2730 bytes)
2026-05-19 22:40:56,669 - __main__ - INFO - client >> audio (2730 bytes)
2026-05-19 22:40:56,753 - __main__ - INFO - client >> audio (2730 bytes)
2026-05-19 22:40:56,838 - __main__ - INFO - client >> audio (2730 bytes)
2026-05-19 22:40:56,927 - __main__ - INFO - client >> audio (2730 bytes)
2026-05-19 22:40:57,010 - __main__ - INFO - client >> audio (2730 bytes)
2026-05-19 22:40:57,094 - __main__ - INFO - client >> audio (2730 bytes)
2026-05-19 22:40:57,179 - __main__ - INFO - client >> audio (2730 bytes)
2026-05-19 22:40:57,252 - __main__ - INFO - dg >> audio (960 bytes)
2026-05-19 22:40:57,255 - __main__ - INFO - dg << ConversationText
2026-05-19 22:40:57,257 - __main__ - INFO - dg << History
2026-05-19 22:40:57,258 - __main__ - INFO - dg >> audio (960 bytes)
2026-05-19 22:40:57,259 - __main__ - INFO - dg >> audio (960 bytes)
2026-05-19 22:40:57,261 - __main__ - INFO - dg >> audio (960 bytes)
2026-05-19 22:40:57,261 - __main__ - INFO - dg >> audio (960 bytes)
2026-05-19 22:40:57,263 - __main__ - INFO - dg >> audio (960 bytes)
2026-05-19 22:40:57,264 - __main__ - INFO - dg >> audio (960 bytes)
2026-05-19 22:40:57,311 - __main__ - INFO - client >> audio (2730 bytes)
2026-05-19 22:40:57,390 - __main__ - INFO - client >> audio (2730 bytes)
2026-05-19 22:40:57,444 - __main__ - INFO - client >> audio (2730 bytes)
2026-05-19 22:40:57,521 - __main__ - INFO - client >> audio (2730 bytes)
2026-05-19 22:40:57,528 - __main__ - INFO - dg >> audio (960 bytes)
2026-05-19 22:40:57,531 - __main__ - INFO - dg >> audio (960 bytes)
2026-05-19 22:40:57,534 - __main__ - INFO - dg >> audio (960 bytes)
2026-05-19 22:40:57,535 - __main__ - INFO - dg >> audio (960 bytes)
2026-05-19 22:40:57,536 - __main__ - INFO - dg >> audio (960 bytes)
2026-05-19 22:40:57,537 - __main__ - INFO - dg >> audio (960 bytes)
2026-05-19 22:40:57,538 - __main__ - INFO - dg >> audio (960 bytes)
2026-05-19 22:40:57,539 - __main__ - INFO - dg >> audio (960 bytes)
2026-05-19 22:40:57,540 - __main__ - INFO - dg >> audio (960 bytes)
2026-05-19 22:40:57,542 - __main__ - INFO - dg >> audio (960 bytes)
2026-05-19 22:40:57,543 - __main__ - INFO - dg >> audio (960 bytes)
2026-05-19 22:40:57,544 - __main__ - INFO - dg >> audio (960 bytes)
2026-05-19 22:40:57,545 - __main__ - INFO - dg >> audio (960 bytes)
2026-05-19 22:40:57,546 - __main__ - INFO - dg >> audio (960 bytes)
2026-05-19 22:40:57,547 - __main__ - INFO - dg >> audio (960 bytes)
2026-05-19 22:40:57,548 - __main__ - INFO - dg >> audio (960 bytes)
2026-05-19 22:40:57,549 - __main__ - INFO - dg >> audio (960 bytes)
2026-05-19 22:40:57,550 - __main__ - INFO - dg >> audio (960 bytes)
2026-05-19 22:40:57,551 - __main__ - INFO - dg >> audio (960 bytes)
2026-05-19 22:40:57,552 - __main__ - INFO - dg >> audio (960 bytes)
2026-05-19 22:40:57,553 - __main__ - INFO - dg >> audio (960 bytes)
2026-05-19 22:40:57,554 - __main__ - INFO - dg >> audio (960 bytes)
2026-05-19 22:40:57,556 - __main__ - INFO - dg >> audio (960 bytes)
2026-05-19 22:40:57,557 - __main__ - INFO - dg >> audio (960 bytes)
2026-05-19 22:40:57,558 - __main__ - INFO - dg >> audio (960 bytes)
2026-05-19 22:40:57,559 - __main__ - INFO - dg >> audio (960 bytes)
2026-05-19 22:40:57,560 - __main__ - INFO - dg >> audio (960 bytes)
2026-05-19 22:40:57,710 - __main__ - INFO - client >> audio (2730 bytes)
2026-05-19 22:40:57,785 - __main__ - INFO - client >> audio (2730 bytes)
2026-05-19 22:40:57,803 - __main__ - INFO - dg >> audio (960 bytes)
2026-05-19 22:40:57,805 - __main__ - INFO - dg >> audio (960 bytes)
2026-05-19 22:40:57,807 - __main__ - INFO - dg >> audio (960 bytes)
2026-05-19 22:40:57,808 - __main__ - INFO - dg >> audio (960 bytes)
2026-05-19 22:40:57,810 - __main__ - INFO - dg >> audio (960 bytes)
2026-05-19 22:40:57,812 - __main__ - INFO - dg >> audio (960 bytes)
2026-05-19 22:40:57,813 - __main__ - INFO - dg >> audio (960 bytes)
2026-05-19 22:40:57,814 - __main__ - INFO - dg >> audio (960 bytes)
2026-05-19 22:40:57,815 - __main__ - INFO - dg >> audio (960 bytes)
2026-05-19 22:40:57,816 - __main__ - INFO - dg >> audio (960 bytes)
2026-05-19 22:40:57,817 - __main__ - INFO - dg >> audio (960 bytes)
2026-05-19 22:40:57,818 - __main__ - INFO - dg >> audio (960 bytes)
2026-05-19 22:40:57,819 - __main__ - INFO - dg >> audio (960 bytes)
2026-05-19 22:40:57,820 - __main__ - INFO - dg >> audio (960 bytes)
2026-05-19 22:40:57,822 - __main__ - INFO - dg >> audio (960 bytes)
2026-05-19 22:40:57,823 - __main__ - INFO - dg >> audio (960 bytes)
2026-05-19 22:40:57,824 - __main__ - INFO - dg >> audio (960 bytes)
2026-05-19 22:40:57,825 - __main__ - INFO - dg >> audio (960 bytes)
2026-05-19 22:40:57,826 - __main__ - INFO - dg >> audio (960 bytes)
2026-05-19 22:40:57,827 - __main__ - INFO - dg >> audio (960 bytes)
2026-05-19 22:40:57,828 - __main__ - INFO - dg >> audio (960 bytes)
2026-05-19 22:40:57,829 - __main__ - INFO - dg >> audio (960 bytes)
2026-05-19 22:40:57,831 - __main__ - INFO - dg >> audio (960 bytes)
2026-05-19 22:40:57,832 - __main__ - INFO - dg >> audio (960 bytes)
2026-05-19 22:40:57,833 - __main__ - INFO - dg >> audio (960 bytes)
2026-05-19 22:40:57,834 - __main__ - INFO - dg >> audio (960 bytes)
2026-05-19 22:40:57,835 - __main__ - INFO - dg >> audio (960 bytes)
2026-05-19 22:40:57,836 - __main__ - INFO - dg >> audio (960 bytes)
2026-05-19 22:40:57,837 - __main__ - INFO - dg >> audio (960 bytes)
2026-05-19 22:40:57,838 - __main__ - INFO - dg >> audio (960 bytes)
2026-05-19 22:40:57,839 - __main__ - INFO - dg >> audio (960 bytes)
2026-05-19 22:40:57,840 - __main__ - INFO - dg >> audio (960 bytes)
2026-05-19 22:40:57,841 - __main__ - INFO - dg >> audio (960 bytes)
2026-05-19 22:40:57,842 - __main__ - INFO - dg >> audio (960 bytes)
2026-05-19 22:40:57,843 - __main__ - INFO - dg >> audio (960 bytes)
2026-05-19 22:40:57,844 - __main__ - INFO - dg >> audio (960 bytes)
2026-05-19 22:40:57,845 - __main__ - INFO - dg >> audio (960 bytes)
2026-05-19 22:40:57,846 - __main__ - INFO - dg >> audio (960 bytes)
2026-05-19 22:40:57,847 - __main__ - INFO - dg >> audio (960 bytes)
2026-05-19 22:40:57,848 - __main__ - INFO - dg >> audio (960 bytes)
2026-05-19 22:40:57,849 - __main__ - INFO - dg >> audio (960 bytes)
2026-05-19 22:40:57,850 - __main__ - INFO - dg >> audio (960 bytes)
2026-05-19 22:40:57,851 - __main__ - INFO - dg >> audio (960 bytes)
2026-05-19 22:40:57,852 - __main__ - INFO - dg >> audio (960 bytes)
2026-05-19 22:40:57,853 - __main__ - INFO - dg >> audio (960 bytes)
2026-05-19 22:40:57,854 - __main__ - INFO - dg >> audio (960 bytes)
2026-05-19 22:40:57,855 - __main__ - INFO - dg >> audio (960 bytes)
2026-05-19 22:40:57,856 - __main__ - INFO - dg >> audio (960 bytes)
2026-05-19 22:40:57,857 - __main__ - INFO - dg >> audio (960 bytes)
2026-05-19 22:40:57,858 - __main__ - INFO - dg >> audio (960 bytes)
2026-05-19 22:40:57,859 - __main__ - INFO - dg >> audio (960 bytes)
2026-05-19 22:40:57,860 - __main__ - INFO - dg >> audio (960 bytes)
2026-05-19 22:40:57,861 - __main__ - INFO - dg >> audio (960 bytes)
2026-05-19 22:40:57,862 - __main__ - INFO - dg >> audio (960 bytes)
2026-05-19 22:40:57,864 - __main__ - INFO - dg >> audio (960 bytes)
2026-05-19 22:40:57,865 - __main__ - INFO - dg >> audio (960 bytes)
2026-05-19 22:40:57,866 - __main__ - INFO - dg >> audio (960 bytes)
2026-05-19 22:40:57,867 - __main__ - INFO - dg >> audio (960 bytes)
2026-05-19 22:40:57,868 - __main__ - INFO - dg >> audio (960 bytes)
2026-05-19 22:40:57,869 - __main__ - INFO - dg >> audio (960 bytes)
2026-05-19 22:40:57,870 - __main__ - INFO - dg >> audio (960 bytes)
2026-05-19 22:40:57,871 - __main__ - INFO - dg >> audio (960 bytes)
2026-05-19 22:40:57,872 - __main__ - INFO - dg >> audio (960 bytes)
2026-05-19 22:40:57,873 - __main__ - INFO - dg >> audio (960 bytes)
2026-05-19 22:40:57,875 - __main__ - INFO - dg >> audio (960 bytes)
2026-05-19 22:40:57,990 - __main__ - INFO - client >> audio (2730 bytes)
2026-05-19 22:40:58,037 - __main__ - INFO - client >> audio (2730 bytes)
2026-05-19 22:40:58,089 - __main__ - INFO - dg >> audio (960 bytes)
2026-05-19 22:40:58,091 - __main__ - INFO - dg >> audio (960 bytes)
2026-05-19 22:40:58,092 - __main__ - INFO - dg >> audio (960 bytes)
2026-05-19 22:40:58,093 - __main__ - INFO - dg >> audio (960 bytes)
2026-05-19 22:40:58,094 - __main__ - INFO - dg >> audio (960 bytes)
2026-05-19 22:40:58,096 - __main__ - INFO - dg >> audio (960 bytes)
2026-05-19 22:40:58,097 - __main__ - INFO - dg >> audio (960 bytes)
2026-05-19 22:40:58,098 - __main__ - INFO - dg >> audio (960 bytes)
2026-05-19 22:40:58,099 - __main__ - INFO - dg >> audio (960 bytes)
2026-05-19 22:40:58,100 - __main__ - INFO - dg >> audio (960 bytes)
2026-05-19 22:40:58,101 - __main__ - INFO - dg >> audio (960 bytes)
2026-05-19 22:40:58,102 - __main__ - INFO - dg >> audio (960 bytes)
2026-05-19 22:40:58,103 - __main__ - INFO - dg >> audio (960 bytes)
2026-05-19 22:40:58,104 - __main__ - INFO - dg >> audio (220 bytes)
2026-05-19 22:40:58,104 - __main__ - INFO - dg << AgentAudioDone
2026-05-19 22:40:58,105 - __main__ - INFO - forwarding AgentAudioDone to client
2026-05-19 22:40:58,211 - __main__ - INFO - client >> audio (2730 bytes)
2026-05-19 22:40:58,300 - __main__ - INFO - client >> audio (2730 bytes)
2026-05-19 22:40:58,374 - __main__ - INFO - client >> audio (2730 bytes)
2026-05-19 22:40:58,459 - __main__ - INFO - client >> audio (2730 bytes)
2026-05-19 22:40:58,548 - __main__ - INFO - client >> audio (2730 bytes)
2026-05-19 22:40:58,631 - __main__ - INFO - client >> audio (2730 bytes)
2026-05-19 22:40:58,716 - __main__ - INFO - client >> audio (2730 bytes)
2026-05-19 22:40:58,804 - __main__ - INFO - client >> audio (2730 bytes)
2026-05-19 22:40:58,891 - __main__ - INFO - client >> audio (2730 bytes)
2026-05-19 22:40:58,974 - __main__ - INFO - client >> audio (2730 bytes)
2026-05-19 22:40:59,057 - __main__ - INFO - client >> audio (2730 bytes)
2026-05-19 22:40:59,147 - __main__ - INFO - client >> audio (2730 bytes)
2026-05-19 22:40:59,231 - __main__ - INFO - client >> audio (2730 bytes)
2026-05-19 22:40:59,314 - __main__ - INFO - client >> audio (2730 bytes)
2026-05-19 22:40:59,398 - __main__ - INFO - client >> audio (2730 bytes)
2026-05-19 22:40:59,483 - __main__ - INFO - client >> audio (2730 bytes)
2026-05-19 22:40:59,571 - __main__ - INFO - client >> audio (2730 bytes)
2026-05-19 22:40:59,655 - __main__ - INFO - client >> audio (2730 bytes)
2026-05-19 22:40:59,739 - __main__ - INFO - client >> audio (2730 bytes)
2026-05-19 22:40:59,825 - __main__ - INFO - client >> audio (2730 bytes)
2026-05-19 22:40:59,913 - __main__ - INFO - client >> audio (2730 bytes)
2026-05-19 22:40:59,996 - __main__ - INFO - client >> audio (2730 bytes)
2026-05-19 22:41:00,081 - __main__ - INFO - client >> audio (2730 bytes)
2026-05-19 22:41:00,166 - __main__ - INFO - client >> audio (2730 bytes)
2026-05-19 22:41:00,255 - __main__ - INFO - client >> audio (2730 bytes)
2026-05-19 22:41:00,337 - __main__ - INFO - client >> audio (2730 bytes)
2026-05-19 22:41:00,422 - __main__ - INFO - client >> audio (2730 bytes)
2026-05-19 22:41:00,508 - __main__ - INFO - client >> audio (2730 bytes)
2026-05-19 22:41:00,600 - __main__ - INFO - client >> audio (2730 bytes)
2026-05-19 22:41:00,684 - __main__ - INFO - client >> audio (2730 bytes)
2026-05-19 22:41:00,763 - __main__ - INFO - client >> audio (2730 bytes)
2026-05-19 22:41:00,851 - __main__ - INFO - client >> audio (2730 bytes)
2026-05-19 22:41:00,936 - __main__ - INFO - client >> audio (2730 bytes)
2026-05-19 22:41:01,019 - __main__ - INFO - client >> audio (2730 bytes)
2026-05-19 22:41:01,104 - __main__ - INFO - client >> audio (2730 bytes)
2026-05-19 22:41:01,190 - __main__ - INFO - client >> audio (2730 bytes)
2026-05-19 22:41:01,277 - __main__ - INFO - client >> audio (2730 bytes)
2026-05-19 22:41:01,361 - __main__ - INFO - client >> audio (2730 bytes)
2026-05-19 22:41:01,446 - __main__ - INFO - client >> audio (2730 bytes)
2026-05-19 22:41:01,534 - __main__ - INFO - client >> audio (2730 bytes)
2026-05-19 22:41:01,619 - __main__ - INFO - client >> audio (2730 bytes)
2026-05-19 22:41:01,702 - __main__ - INFO - client >> audio (2730 bytes)
2026-05-19 22:41:01,787 - __main__ - INFO - client >> audio (2730 bytes)
2026-05-19 22:41:01,876 - __main__ - INFO - client >> audio (2730 bytes)
2026-05-19 22:41:01,959 - __main__ - INFO - client >> audio (2730 bytes)
2026-05-19 22:41:02,043 - __main__ - INFO - client >> audio (2730 bytes)
2026-05-19 22:41:02,129 - __main__ - INFO - client >> audio (2730 bytes)
2026-05-19 22:41:02,217 - __main__ - INFO - client >> audio (2730 bytes)
2026-05-19 22:41:02,301 - __main__ - INFO - client >> audio (2730 bytes)
2026-05-19 22:41:02,385 - __main__ - INFO - client >> audio (2730 bytes)
2026-05-19 22:41:02,473 - __main__ - INFO - client >> audio (2730 bytes)
2026-05-19 22:41:02,558 - __main__ - INFO - client >> audio (2730 bytes)
2026-05-19 22:41:02,648 - __main__ - INFO - client >> audio (2730 bytes)
2026-05-19 22:41:02,726 - __main__ - INFO - client >> audio (2730 bytes)
2026-05-19 22:41:02,812 - __main__ - INFO - client >> audio (2730 bytes)
2026-05-19 22:41:02,899 - __main__ - INFO - client >> audio (2730 bytes)
2026-05-19 22:41:02,982 - __main__ - INFO - client >> audio (2730 bytes)
2026-05-19 22:41:03,012 - __main__ - INFO - dg << UserStartedSpeaking
2026-05-19 22:41:03,013 - __main__ - INFO - barge-in detected
2026-05-19 22:41:03,067 - __main__ - INFO - client >> audio (2730 bytes)
2026-05-19 22:41:03,154 - __main__ - INFO - client >> audio (2730 bytes)
2026-05-19 22:41:03,240 - __main__ - INFO - client >> audio (2730 bytes)
2026-05-19 22:41:03,323 - __main__ - INFO - client >> audio (2730 bytes)
2026-05-19 22:41:03,408 - __main__ - INFO - client >> audio (2730 bytes)
2026-05-19 22:41:03,494 - __main__ - INFO - client >> audio (2730 bytes)
2026-05-19 22:41:03,582 - __main__ - INFO - client >> audio (2730 bytes)
2026-05-19 22:41:03,665 - __main__ - INFO - client >> audio (2730 bytes)
2026-05-19 22:41:03,750 - __main__ - INFO - client >> audio (2730 bytes)
2026-05-19 22:41:03,836 - __main__ - INFO - client >> audio (2730 bytes)
2026-05-19 22:41:03,922 - __main__ - INFO - client >> audio (2730 bytes)
2026-05-19 22:41:04,006 - __main__ - INFO - client >> audio (2730 bytes)
2026-05-19 22:41:04,091 - __main__ - INFO - client >> audio (2730 bytes)
2026-05-19 22:41:04,180 - __main__ - INFO - client >> audio (2730 bytes)
2026-05-19 22:41:04,270 - __main__ - INFO - client >> audio (2730 bytes)
2026-05-19 22:41:04,349 - __main__ - INFO - client >> audio (2730 bytes)
2026-05-19 22:41:04,433 - __main__ - INFO - client >> audio (2730 bytes)
2026-05-19 22:41:04,521 - __main__ - INFO - client >> audio (2730 bytes)
2026-05-19 22:41:04,598 - __main__ - INFO - dg << ConversationText
2026-05-19 22:41:04,600 - __main__ - INFO - dg << History
2026-05-19 22:41:04,606 - __main__ - INFO - client >> audio (2730 bytes)
2026-05-19 22:41:04,690 - __main__ - INFO - client >> audio (2730 bytes)
2026-05-19 22:41:04,775 - __main__ - INFO - client >> audio (2730 bytes)
2026-05-19 22:41:04,870 - __main__ - INFO - client >> audio (2730 bytes)
2026-05-19 22:41:04,947 - __main__ - INFO - client >> audio (2730 bytes)
2026-05-19 22:41:05,030 - __main__ - INFO - client >> audio (2730 bytes)
2026-05-19 22:41:05,060 - __main__ - INFO - dg >> audio (960 bytes)
2026-05-19 22:41:05,062 - __main__ - INFO - dg << ConversationText
2026-05-19 22:41:05,064 - __main__ - INFO - dg << History
2026-05-19 22:41:05,065 - __main__ - INFO - dg >> audio (960 bytes)
2026-05-19 22:41:05,066 - __main__ - INFO - dg >> audio (960 bytes)
2026-05-19 22:41:05,067 - __main__ - INFO - dg >> audio (960 bytes)
2026-05-19 22:41:05,069 - __main__ - INFO - dg >> audio (960 bytes)
2026-05-19 22:41:05,070 - __main__ - INFO - dg >> audio (960 bytes)
2026-05-19 22:41:05,071 - __main__ - INFO - dg >> audio (960 bytes)
2026-05-19 22:41:05,072 - __main__ - INFO - dg >> audio (960 bytes)
2026-05-19 22:41:05,073 - __main__ - INFO - dg >> audio (960 bytes)
2026-05-19 22:41:05,074 - __main__ - INFO - dg >> audio (960 bytes)
2026-05-19 22:41:05,075 - __main__ - INFO - dg >> audio (960 bytes)
2026-05-19 22:41:05,076 - __main__ - INFO - dg >> audio (960 bytes)
2026-05-19 22:41:05,077 - __main__ - INFO - dg >> audio (960 bytes)
2026-05-19 22:41:05,078 - __main__ - INFO - dg >> audio (960 bytes)
2026-05-19 22:41:05,210 - __main__ - INFO - client >> audio (2730 bytes)
2026-05-19 22:41:05,295 - __main__ - INFO - client >> audio (2730 bytes)
2026-05-19 22:41:05,337 - __main__ - INFO - dg >> audio (960 bytes)
2026-05-19 22:41:05,339 - __main__ - INFO - dg >> audio (960 bytes)
2026-05-19 22:41:05,340 - __main__ - INFO - dg >> audio (960 bytes)
2026-05-19 22:41:05,341 - __main__ - INFO - dg >> audio (960 bytes)
2026-05-19 22:41:05,342 - __main__ - INFO - dg >> audio (960 bytes)
2026-05-19 22:41:05,343 - __main__ - INFO - dg >> audio (960 bytes)
2026-05-19 22:41:05,344 - __main__ - INFO - dg >> audio (960 bytes)
2026-05-19 22:41:05,346 - __main__ - INFO - dg >> audio (960 bytes)
2026-05-19 22:41:05,347 - __main__ - INFO - dg >> audio (960 bytes)
2026-05-19 22:41:05,348 - __main__ - INFO - dg >> audio (960 bytes)
2026-05-19 22:41:05,350 - __main__ - INFO - dg >> audio (960 bytes)
2026-05-19 22:41:05,351 - __main__ - INFO - dg >> audio (960 bytes)
2026-05-19 22:41:05,352 - __main__ - INFO - dg >> audio (960 bytes)
2026-05-19 22:41:05,354 - __main__ - INFO - dg >> audio (960 bytes)
2026-05-19 22:41:05,355 - __main__ - INFO - dg >> audio (960 bytes)
2026-05-19 22:41:05,356 - __main__ - INFO - dg >> audio (960 bytes)
2026-05-19 22:41:05,357 - __main__ - INFO - dg >> audio (960 bytes)
2026-05-19 22:41:05,358 - __main__ - INFO - dg >> audio (960 bytes)
2026-05-19 22:41:05,359 - __main__ - INFO - dg >> audio (960 bytes)
2026-05-19 22:41:05,361 - __main__ - INFO - dg >> audio (960 bytes)
2026-05-19 22:41:05,362 - __main__ - INFO - dg >> audio (960 bytes)
2026-05-19 22:41:05,363 - __main__ - INFO - dg >> audio (960 bytes)
2026-05-19 22:41:05,365 - __main__ - INFO - dg >> audio (960 bytes)
2026-05-19 22:41:05,366 - __main__ - INFO - dg >> audio (960 bytes)
2026-05-19 22:41:05,367 - __main__ - INFO - dg >> audio (960 bytes)
2026-05-19 22:41:05,368 - __main__ - INFO - dg >> audio (960 bytes)
2026-05-19 22:41:05,369 - __main__ - INFO - dg >> audio (960 bytes)
2026-05-19 22:41:05,370 - __main__ - INFO - dg >> audio (960 bytes)
2026-05-19 22:41:05,494 - __main__ - INFO - client >> audio (2730 bytes)
2026-05-19 22:41:05,551 - __main__ - INFO - client >> audio (2730 bytes)
2026-05-19 22:41:05,613 - __main__ - INFO - dg >> audio (960 bytes)
2026-05-19 22:41:05,615 - __main__ - INFO - dg >> audio (960 bytes)
2026-05-19 22:41:05,616 - __main__ - INFO - dg >> audio (960 bytes)
2026-05-19 22:41:05,617 - __main__ - INFO - dg >> audio (960 bytes)
2026-05-19 22:41:05,620 - __main__ - INFO - dg >> audio (960 bytes)
2026-05-19 22:41:05,621 - __main__ - INFO - dg >> audio (960 bytes)
2026-05-19 22:41:05,622 - __main__ - INFO - dg >> audio (960 bytes)
2026-05-19 22:41:05,624 - __main__ - INFO - dg >> audio (960 bytes)
2026-05-19 22:41:05,625 - __main__ - INFO - dg >> audio (960 bytes)
2026-05-19 22:41:05,626 - __main__ - INFO - dg >> audio (960 bytes)
2026-05-19 22:41:05,627 - __main__ - INFO - dg >> audio (960 bytes)
2026-05-19 22:41:05,628 - __main__ - INFO - dg >> audio (960 bytes)
2026-05-19 22:41:05,629 - __main__ - INFO - dg >> audio (960 bytes)
2026-05-19 22:41:05,630 - __main__ - INFO - dg >> audio (960 bytes)
2026-05-19 22:41:05,631 - __main__ - INFO - dg >> audio (960 bytes)
2026-05-19 22:41:05,632 - __main__ - INFO - dg >> audio (960 bytes)
2026-05-19 22:41:05,633 - __main__ - INFO - dg >> audio (960 bytes)
2026-05-19 22:41:05,634 - __main__ - INFO - dg >> audio (960 bytes)
2026-05-19 22:41:05,635 - __main__ - INFO - dg >> audio (960 bytes)
2026-05-19 22:41:05,636 - __main__ - INFO - dg >> audio (960 bytes)
2026-05-19 22:41:05,637 - __main__ - INFO - dg >> audio (960 bytes)
2026-05-19 22:41:05,638 - __main__ - INFO - dg >> audio (960 bytes)
2026-05-19 22:41:05,639 - __main__ - INFO - dg >> audio (960 bytes)
2026-05-19 22:41:05,640 - __main__ - INFO - dg >> audio (960 bytes)
2026-05-19 22:41:05,641 - __main__ - INFO - dg >> audio (960 bytes)
2026-05-19 22:41:05,642 - __main__ - INFO - dg >> audio (960 bytes)
2026-05-19 22:41:05,643 - __main__ - INFO - dg >> audio (960 bytes)
2026-05-19 22:41:05,644 - __main__ - INFO - dg >> audio (960 bytes)
2026-05-19 22:41:05,645 - __main__ - INFO - dg >> audio (960 bytes)
2026-05-19 22:41:05,646 - __main__ - INFO - dg >> audio (960 bytes)
2026-05-19 22:41:05,647 - __main__ - INFO - dg >> audio (960 bytes)
2026-05-19 22:41:05,648 - __main__ - INFO - dg >> audio (960 bytes)
2026-05-19 22:41:05,649 - __main__ - INFO - dg >> audio (960 bytes)
2026-05-19 22:41:05,651 - __main__ - INFO - dg >> audio (960 bytes)
2026-05-19 22:41:05,652 - __main__ - INFO - dg >> audio (960 bytes)
2026-05-19 22:41:05,653 - __main__ - INFO - dg >> audio (960 bytes)
2026-05-19 22:41:05,654 - __main__ - INFO - dg >> audio (960 bytes)
2026-05-19 22:41:05,656 - __main__ - INFO - dg >> audio (960 bytes)
2026-05-19 22:41:05,657 - __main__ - INFO - dg >> audio (960 bytes)
2026-05-19 22:41:05,658 - __main__ - INFO - dg >> audio (960 bytes)
2026-05-19 22:41:05,659 - __main__ - INFO - dg >> audio (960 bytes)
2026-05-19 22:41:05,660 - __main__ - INFO - dg >> audio (960 bytes)
2026-05-19 22:41:05,661 - __main__ - INFO - dg >> audio (960 bytes)
2026-05-19 22:41:05,662 - __main__ - INFO - dg >> audio (960 bytes)
2026-05-19 22:41:05,663 - __main__ - INFO - dg >> audio (960 bytes)
2026-05-19 22:41:05,664 - __main__ - INFO - dg >> audio (960 bytes)
2026-05-19 22:41:05,665 - __main__ - INFO - dg >> audio (960 bytes)
2026-05-19 22:41:05,666 - __main__ - INFO - dg >> audio (960 bytes)
2026-05-19 22:41:05,667 - __main__ - INFO - dg >> audio (960 bytes)
2026-05-19 22:41:05,668 - __main__ - INFO - dg >> audio (960 bytes)
2026-05-19 22:41:05,669 - __main__ - INFO - dg >> audio (960 bytes)
2026-05-19 22:41:05,670 - __main__ - INFO - dg >> audio (960 bytes)
2026-05-19 22:41:05,671 - __main__ - INFO - dg >> audio (960 bytes)
2026-05-19 22:41:05,673 - __main__ - INFO - dg >> audio (960 bytes)
2026-05-19 22:41:05,674 - __main__ - INFO - dg >> audio (960 bytes)
2026-05-19 22:41:05,675 - __main__ - INFO - dg >> audio (960 bytes)
2026-05-19 22:41:05,677 - __main__ - INFO - dg >> audio (960 bytes)
2026-05-19 22:41:05,678 - __main__ - INFO - dg >> audio (960 bytes)
2026-05-19 22:41:05,679 - __main__ - INFO - dg >> audio (960 bytes)
2026-05-19 22:41:05,681 - __main__ - INFO - dg >> audio (960 bytes)
2026-05-19 22:41:05,682 - __main__ - INFO - dg >> audio (960 bytes)
2026-05-19 22:41:05,722 - __main__ - INFO - client >> audio (2730 bytes)
2026-05-19 22:41:05,815 - __main__ - INFO - client >> audio (2730 bytes)
2026-05-19 22:41:05,884 - __main__ - INFO - client >> audio (2730 bytes)
2026-05-19 22:41:05,888 - __main__ - INFO - dg >> audio (960 bytes)
2026-05-19 22:41:05,890 - __main__ - INFO - dg >> audio (960 bytes)
2026-05-19 22:41:05,891 - __main__ - INFO - dg >> audio (960 bytes)
2026-05-19 22:41:05,892 - __main__ - INFO - dg >> audio (960 bytes)
2026-05-19 22:41:05,895 - __main__ - INFO - dg >> audio (960 bytes)
2026-05-19 22:41:05,896 - __main__ - INFO - dg >> audio (960 bytes)
2026-05-19 22:41:05,897 - __main__ - INFO - dg >> audio (960 bytes)
2026-05-19 22:41:05,898 - __main__ - INFO - dg >> audio (960 bytes)
2026-05-19 22:41:05,899 - __main__ - INFO - dg >> audio (960 bytes)
2026-05-19 22:41:05,900 - __main__ - INFO - dg >> audio (960 bytes)
2026-05-19 22:41:05,901 - __main__ - INFO - dg >> audio (960 bytes)
2026-05-19 22:41:05,902 - __main__ - INFO - dg >> audio (960 bytes)
2026-05-19 22:41:05,903 - __main__ - INFO - dg >> audio (960 bytes)
2026-05-19 22:41:05,904 - __main__ - INFO - dg >> audio (960 bytes)
2026-05-19 22:41:05,905 - __main__ - INFO - dg >> audio (960 bytes)
2026-05-19 22:41:05,906 - __main__ - INFO - dg >> audio (960 bytes)
2026-05-19 22:41:05,907 - __main__ - INFO - dg >> audio (960 bytes)
2026-05-19 22:41:05,908 - __main__ - INFO - dg >> audio (960 bytes)
2026-05-19 22:41:05,909 - __main__ - INFO - dg >> audio (960 bytes)
2026-05-19 22:41:05,910 - __main__ - INFO - dg >> audio (960 bytes)
2026-05-19 22:41:05,911 - __main__ - INFO - dg >> audio (960 bytes)
2026-05-19 22:41:05,912 - __main__ - INFO - dg >> audio (960 bytes)
2026-05-19 22:41:05,913 - __main__ - INFO - dg >> audio (960 bytes)
2026-05-19 22:41:05,914 - __main__ - INFO - dg >> audio (526 bytes)
2026-05-19 22:41:06,055 - __main__ - INFO - client >> audio (2730 bytes)
2026-05-19 22:41:06,147 - __main__ - INFO - client >> audio (2730 bytes)
2026-05-19 22:41:06,230 - __main__ - INFO - client >> audio (2730 bytes)
2026-05-19 22:41:06,312 - __main__ - INFO - client >> audio (2730 bytes)
2026-05-19 22:41:06,396 - __main__ - INFO - client >> audio (2730 bytes)
2026-05-19 22:41:06,486 - __main__ - INFO - client >> audio (2730 bytes)
2026-05-19 22:41:06,569 - __main__ - INFO - client >> audio (2730 bytes)
2026-05-19 22:41:06,651 - __main__ - INFO - client >> audio (2730 bytes)
2026-05-19 22:41:06,737 - __main__ - INFO - client >> audio (2730 bytes)
2026-05-19 22:41:06,826 - __main__ - INFO - client >> audio (2730 bytes)
2026-05-19 22:41:06,910 - __main__ - INFO - client >> audio (2730 bytes)
2026-05-19 22:41:06,993 - __main__ - INFO - client >> audio (2730 bytes)
2026-05-19 22:41:07,079 - __main__ - INFO - client >> audio (2730 bytes)
2026-05-19 22:41:07,168 - __main__ - INFO - client >> audio (2730 bytes)
2026-05-19 22:41:07,250 - __main__ - INFO - client >> audio (2730 bytes)
2026-05-19 22:41:07,340 - __main__ - INFO - client >> audio (2730 bytes)
2026-05-19 22:41:07,420 - __main__ - INFO - client >> audio (2730 bytes)
2026-05-19 22:41:07,508 - __main__ - INFO - client >> audio (2730 bytes)
2026-05-19 22:41:07,591 - __main__ - INFO - client >> audio (2730 bytes)
2026-05-19 22:41:07,678 - __main__ - INFO - client >> audio (2730 bytes)
2026-05-19 22:41:07,761 - __main__ - INFO - client >> audio (2730 bytes)
2026-05-19 22:41:07,849 - __main__ - INFO - client >> audio (2730 bytes)
2026-05-19 22:41:07,932 - __main__ - INFO - client >> audio (2730 bytes)
2026-05-19 22:41:08,017 - __main__ - INFO - client >> audio (2730 bytes)
2026-05-19 22:41:08,103 - __main__ - INFO - client >> audio (2730 bytes)
2026-05-19 22:41:08,190 - __main__ - INFO - client >> audio (2730 bytes)
2026-05-19 22:41:08,273 - __main__ - INFO - client >> audio (2730 bytes)
2026-05-19 22:41:08,358 - __main__ - INFO - client >> audio (2730 bytes)
2026-05-19 22:41:08,445 - __main__ - INFO - client >> audio (2730 bytes)
2026-05-19 22:41:08,531 - __main__ - INFO - client >> audio (2730 bytes)
2026-05-19 22:41:08,614 - __main__ - INFO - client >> audio (2730 bytes)
2026-05-19 22:41:08,700 - __main__ - INFO - client >> audio (2730 bytes)
2026-05-19 22:41:08,786 - __main__ - INFO - client >> audio (2730 bytes)
2026-05-19 22:41:08,857 - __main__ - INFO - dg >> audio (960 bytes)
2026-05-19 22:41:08,859 - __main__ - INFO - dg << ConversationText
2026-05-19 22:41:08,861 - __main__ - INFO - dg << History
2026-05-19 22:41:08,862 - __main__ - INFO - dg >> audio (960 bytes)
2026-05-19 22:41:08,863 - __main__ - INFO - dg >> audio (960 bytes)
2026-05-19 22:41:08,864 - __main__ - INFO - dg >> audio (960 bytes)
2026-05-19 22:41:08,865 - __main__ - INFO - dg >> audio (960 bytes)
2026-05-19 22:41:08,866 - __main__ - INFO - dg >> audio (960 bytes)
2026-05-19 22:41:08,867 - __main__ - INFO - dg >> audio (960 bytes)
2026-05-19 22:41:08,869 - __main__ - INFO - dg >> audio (960 bytes)
2026-05-19 22:41:09,081 - __main__ - INFO - client >> audio (2730 bytes)
2026-05-19 22:41:09,134 - __main__ - INFO - dg >> audio (960 bytes)
2026-05-19 22:41:09,136 - __main__ - INFO - dg >> audio (960 bytes)
2026-05-19 22:41:09,138 - __main__ - INFO - dg >> audio (960 bytes)
2026-05-19 22:41:09,139 - __main__ - INFO - dg >> audio (960 bytes)
2026-05-19 22:41:09,141 - __main__ - INFO - dg >> audio (960 bytes)
2026-05-19 22:41:09,142 - __main__ - INFO - dg >> audio (960 bytes)
2026-05-19 22:41:09,143 - __main__ - INFO - dg >> audio (960 bytes)
2026-05-19 22:41:09,144 - __main__ - INFO - dg >> audio (960 bytes)
2026-05-19 22:41:09,146 - __main__ - INFO - dg >> audio (960 bytes)
2026-05-19 22:41:09,147 - __main__ - INFO - dg >> audio (960 bytes)
2026-05-19 22:41:09,148 - __main__ - INFO - dg >> audio (960 bytes)
2026-05-19 22:41:09,149 - __main__ - INFO - dg >> audio (960 bytes)
2026-05-19 22:41:09,150 - __main__ - INFO - dg >> audio (960 bytes)
2026-05-19 22:41:09,151 - __main__ - INFO - dg >> audio (960 bytes)
2026-05-19 22:41:09,152 - __main__ - INFO - dg >> audio (960 bytes)
2026-05-19 22:41:09,153 - __main__ - INFO - dg >> audio (960 bytes)
2026-05-19 22:41:09,154 - __main__ - INFO - dg >> audio (960 bytes)
2026-05-19 22:41:09,155 - __main__ - INFO - dg >> audio (960 bytes)
2026-05-19 22:41:09,156 - __main__ - INFO - dg >> audio (960 bytes)
2026-05-19 22:41:09,157 - __main__ - INFO - dg >> audio (960 bytes)
2026-05-19 22:41:09,158 - __main__ - INFO - dg >> audio (960 bytes)
2026-05-19 22:41:09,159 - __main__ - INFO - dg >> audio (960 bytes)
2026-05-19 22:41:09,160 - __main__ - INFO - dg >> audio (960 bytes)
2026-05-19 22:41:09,161 - __main__ - INFO - dg >> audio (960 bytes)
2026-05-19 22:41:09,162 - __main__ - INFO - dg >> audio (960 bytes)
2026-05-19 22:41:09,163 - __main__ - INFO - dg >> audio (960 bytes)
2026-05-19 22:41:09,164 - __main__ - INFO - dg >> audio (960 bytes)
2026-05-19 22:41:09,165 - __main__ - INFO - dg >> audio (960 bytes)
2026-05-19 22:41:09,167 - __main__ - INFO - client >> audio (2730 bytes)
2026-05-19 22:41:09,336 - __main__ - INFO - client >> audio (2730 bytes)
2026-05-19 22:41:09,410 - __main__ - INFO - dg >> audio (960 bytes)
2026-05-19 22:41:09,412 - __main__ - INFO - dg >> audio (960 bytes)
2026-05-19 22:41:09,413 - __main__ - INFO - dg >> audio (960 bytes)
2026-05-19 22:41:09,414 - __main__ - INFO - dg >> audio (960 bytes)
2026-05-19 22:41:09,416 - __main__ - INFO - dg >> audio (960 bytes)
2026-05-19 22:41:09,419 - __main__ - INFO - dg >> audio (960 bytes)
2026-05-19 22:41:09,420 - __main__ - INFO - dg >> audio (960 bytes)
2026-05-19 22:41:09,421 - __main__ - INFO - dg >> audio (960 bytes)
2026-05-19 22:41:09,422 - __main__ - INFO - dg >> audio (960 bytes)
2026-05-19 22:41:09,423 - __main__ - INFO - dg >> audio (960 bytes)
2026-05-19 22:41:09,424 - __main__ - INFO - dg >> audio (960 bytes)
2026-05-19 22:41:09,425 - __main__ - INFO - dg >> audio (960 bytes)
2026-05-19 22:41:09,426 - __main__ - INFO - dg >> audio (960 bytes)
2026-05-19 22:41:09,427 - __main__ - INFO - dg >> audio (960 bytes)
2026-05-19 22:41:09,428 - __main__ - INFO - dg >> audio (960 bytes)
2026-05-19 22:41:09,429 - __main__ - INFO - dg >> audio (960 bytes)
2026-05-19 22:41:09,430 - __main__ - INFO - dg >> audio (960 bytes)
2026-05-19 22:41:09,431 - __main__ - INFO - dg >> audio (960 bytes)
2026-05-19 22:41:09,432 - __main__ - INFO - dg >> audio (960 bytes)
2026-05-19 22:41:09,433 - __main__ - INFO - dg >> audio (960 bytes)
2026-05-19 22:41:09,434 - __main__ - INFO - dg >> audio (960 bytes)
2026-05-19 22:41:09,436 - __main__ - INFO - dg >> audio (960 bytes)
2026-05-19 22:41:09,437 - __main__ - INFO - dg >> audio (960 bytes)
2026-05-19 22:41:09,438 - __main__ - INFO - dg >> audio (960 bytes)
2026-05-19 22:41:09,439 - __main__ - INFO - dg >> audio (960 bytes)
2026-05-19 22:41:09,440 - __main__ - INFO - dg >> audio (960 bytes)
2026-05-19 22:41:09,441 - __main__ - INFO - dg >> audio (960 bytes)
2026-05-19 22:41:09,442 - __main__ - INFO - dg >> audio (960 bytes)
2026-05-19 22:41:09,443 - __main__ - INFO - dg >> audio (960 bytes)
2026-05-19 22:41:09,444 - __main__ - INFO - dg >> audio (960 bytes)
2026-05-19 22:41:09,445 - __main__ - INFO - dg >> audio (960 bytes)
2026-05-19 22:41:09,446 - __main__ - INFO - dg >> audio (960 bytes)
2026-05-19 22:41:09,447 - __main__ - INFO - dg >> audio (960 bytes)
2026-05-19 22:41:09,448 - __main__ - INFO - dg >> audio (960 bytes)
2026-05-19 22:41:09,449 - __main__ - INFO - dg >> audio (960 bytes)
2026-05-19 22:41:09,450 - __main__ - INFO - dg >> audio (960 bytes)
2026-05-19 22:41:09,451 - __main__ - INFO - dg >> audio (960 bytes)
2026-05-19 22:41:09,452 - __main__ - INFO - dg >> audio (960 bytes)
2026-05-19 22:41:09,453 - __main__ - INFO - dg >> audio (960 bytes)
2026-05-19 22:41:09,454 - __main__ - INFO - dg >> audio (960 bytes)
2026-05-19 22:41:09,455 - __main__ - INFO - dg >> audio (960 bytes)
2026-05-19 22:41:09,456 - __main__ - INFO - dg >> audio (960 bytes)
2026-05-19 22:41:09,457 - __main__ - INFO - dg >> audio (960 bytes)
2026-05-19 22:41:09,458 - __main__ - INFO - dg >> audio (960 bytes)
2026-05-19 22:41:09,459 - __main__ - INFO - dg >> audio (960 bytes)
2026-05-19 22:41:09,460 - __main__ - INFO - dg >> audio (960 bytes)
2026-05-19 22:41:09,462 - __main__ - INFO - dg >> audio (960 bytes)
2026-05-19 22:41:09,462 - __main__ - INFO - dg >> audio (960 bytes)
2026-05-19 22:41:09,463 - __main__ - INFO - dg >> audio (960 bytes)
2026-05-19 22:41:09,464 - __main__ - INFO - dg >> audio (960 bytes)
2026-05-19 22:41:09,465 - __main__ - INFO - dg >> audio (960 bytes)
2026-05-19 22:41:09,466 - __main__ - INFO - dg >> audio (960 bytes)
2026-05-19 22:41:09,467 - __main__ - INFO - dg >> audio (960 bytes)
2026-05-19 22:41:09,468 - __main__ - INFO - dg >> audio (960 bytes)
2026-05-19 22:41:09,469 - __main__ - INFO - dg >> audio (960 bytes)
2026-05-19 22:41:09,471 - __main__ - INFO - client >> audio (2730 bytes)
2026-05-19 22:41:09,602 - __main__ - INFO - client >> audio (2730 bytes)
2026-05-19 22:41:09,641 - __main__ - INFO - client >> audio (2730 bytes)
2026-05-19 22:41:09,685 - __main__ - INFO - dg >> audio (960 bytes)
2026-05-19 22:41:09,687 - __main__ - INFO - dg >> audio (960 bytes)
2026-05-19 22:41:09,688 - __main__ - INFO - dg >> audio (960 bytes)
2026-05-19 22:41:09,689 - __main__ - INFO - dg >> audio (960 bytes)
2026-05-19 22:41:09,690 - __main__ - INFO - dg >> audio (960 bytes)
2026-05-19 22:41:09,692 - __main__ - INFO - dg >> audio (960 bytes)
2026-05-19 22:41:09,693 - __main__ - INFO - dg >> audio (960 bytes)
2026-05-19 22:41:09,694 - __main__ - INFO - dg >> audio (960 bytes)
2026-05-19 22:41:09,696 - __main__ - INFO - dg >> audio (960 bytes)
2026-05-19 22:41:09,697 - __main__ - INFO - dg >> audio (960 bytes)
2026-05-19 22:41:09,698 - __main__ - INFO - dg >> audio (960 bytes)
2026-05-19 22:41:09,699 - __main__ - INFO - dg >> audio (960 bytes)
2026-05-19 22:41:09,701 - __main__ - INFO - dg >> audio (960 bytes)
2026-05-19 22:41:09,702 - __main__ - INFO - dg >> audio (960 bytes)
2026-05-19 22:41:09,703 - __main__ - INFO - dg >> audio (960 bytes)
2026-05-19 22:41:09,704 - __main__ - INFO - dg >> audio (960 bytes)
2026-05-19 22:41:09,705 - __main__ - INFO - dg >> audio (960 bytes)
2026-05-19 22:41:09,706 - __main__ - INFO - dg >> audio (960 bytes)
2026-05-19 22:41:09,707 - __main__ - INFO - dg >> audio (960 bytes)
2026-05-19 22:41:09,708 - __main__ - INFO - dg >> audio (960 bytes)
2026-05-19 22:41:09,709 - __main__ - INFO - dg >> audio (960 bytes)
2026-05-19 22:41:09,710 - __main__ - INFO - dg >> audio (960 bytes)
2026-05-19 22:41:09,711 - __main__ - INFO - dg >> audio (960 bytes)
2026-05-19 22:41:09,712 - __main__ - INFO - dg >> audio (960 bytes)
2026-05-19 22:41:09,713 - __main__ - INFO - dg >> audio (960 bytes)
2026-05-19 22:41:09,714 - __main__ - INFO - dg >> audio (960 bytes)
2026-05-19 22:41:09,715 - __main__ - INFO - dg >> audio (960 bytes)
2026-05-19 22:41:09,716 - __main__ - INFO - dg >> audio (960 bytes)
2026-05-19 22:41:09,717 - __main__ - INFO - dg >> audio (960 bytes)
2026-05-19 22:41:09,718 - __main__ - INFO - dg >> audio (960 bytes)
2026-05-19 22:41:09,719 - __main__ - INFO - dg >> audio (960 bytes)
2026-05-19 22:41:09,720 - __main__ - INFO - dg >> audio (960 bytes)
2026-05-19 22:41:09,721 - __main__ - INFO - dg >> audio (960 bytes)
2026-05-19 22:41:09,722 - __main__ - INFO - dg >> audio (960 bytes)
2026-05-19 22:41:09,723 - __main__ - INFO - dg >> audio (960 bytes)
2026-05-19 22:41:09,724 - __main__ - INFO - dg >> audio (960 bytes)
2026-05-19 22:41:09,725 - __main__ - INFO - dg >> audio (960 bytes)
2026-05-19 22:41:09,726 - __main__ - INFO - dg >> audio (960 bytes)
2026-05-19 22:41:09,727 - __main__ - INFO - dg >> audio (960 bytes)
2026-05-19 22:41:09,728 - __main__ - INFO - dg >> audio (960 bytes)
2026-05-19 22:41:09,729 - __main__ - INFO - dg >> audio (960 bytes)
2026-05-19 22:41:09,730 - __main__ - INFO - dg >> audio (960 bytes)
2026-05-19 22:41:09,732 - __main__ - INFO - dg >> audio (960 bytes)
2026-05-19 22:41:09,733 - __main__ - INFO - dg >> audio (960 bytes)
2026-05-19 22:41:09,734 - __main__ - INFO - dg >> audio (960 bytes)
2026-05-19 22:41:09,735 - __main__ - INFO - dg >> audio (960 bytes)
2026-05-19 22:41:09,736 - __main__ - INFO - dg >> audio (960 bytes)
2026-05-19 22:41:09,737 - __main__ - INFO - dg >> audio (960 bytes)
2026-05-19 22:41:09,738 - __main__ - INFO - dg >> audio (960 bytes)
2026-05-19 22:41:09,739 - __main__ - INFO - dg >> audio (960 bytes)
2026-05-19 22:41:09,740 - __main__ - INFO - dg >> audio (960 bytes)
2026-05-19 22:41:09,741 - __main__ - INFO - dg >> audio (960 bytes)
2026-05-19 22:41:09,742 - __main__ - INFO - dg >> audio (960 bytes)
2026-05-19 22:41:09,743 - __main__ - INFO - dg >> audio (960 bytes)
2026-05-19 22:41:09,744 - __main__ - INFO - dg >> audio (490 bytes)
2026-05-19 22:41:09,745 - __main__ - INFO - dg << AgentAudioDone
2026-05-19 22:41:09,745 - __main__ - INFO - forwarding AgentAudioDone to client
2026-05-19 22:41:09,849 - __main__ - INFO - client >> audio (2730 bytes)
2026-05-19 22:41:09,899 - __main__ - INFO - client >> audio (2730 bytes)
2026-05-19 22:41:09,989 - __main__ - INFO - client >> audio (2730 bytes)
2026-05-19 22:41:10,065 - __main__ - INFO - client >> audio (2730 bytes)
2026-05-19 22:41:10,153 - __main__ - INFO - client >> audio (2730 bytes)
2026-05-19 22:41:10,236 - __main__ - INFO - client >> audio (2730 bytes)
2026-05-19 22:41:10,321 - __main__ - INFO - client >> audio (2730 bytes)
2026-05-19 22:41:10,406 - __main__ - INFO - client >> audio (2730 bytes)
2026-05-19 22:41:10,495 - __main__ - INFO - client >> audio (2730 bytes)
2026-05-19 22:41:10,577 - __main__ - INFO - client >> audio (2730 bytes)
2026-05-19 22:41:10,662 - __main__ - INFO - client >> audio (2730 bytes)
2026-05-19 22:41:10,748 - __main__ - INFO - client >> audio (2730 bytes)
2026-05-19 22:41:10,835 - __main__ - INFO - client >> audio (2730 bytes)
2026-05-19 22:41:10,922 - __main__ - INFO - client >> audio (2730 bytes)
2026-05-19 22:41:11,010 - __main__ - INFO - client >> audio (2730 bytes)
2026-05-19 22:41:11,089 - __main__ - INFO - client >> audio (2730 bytes)
2026-05-19 22:41:11,176 - __main__ - INFO - client >> audio (2730 bytes)
2026-05-19 22:41:11,260 - __main__ - INFO - client >> audio (2730 bytes)
2026-05-19 22:41:11,349 - __main__ - INFO - client >> audio (2730 bytes)
2026-05-19 22:41:11,435 - __main__ - INFO - client >> audio (2730 bytes)
2026-05-19 22:41:11,518 - __main__ - INFO - client >> audio (2730 bytes)
2026-05-19 22:41:11,601 - __main__ - INFO - client >> audio (2730 bytes)
2026-05-19 22:41:11,686 - __main__ - INFO - client >> audio (2730 bytes)
2026-05-19 22:41:11,774 - __main__ - INFO - client >> audio (2730 bytes)
2026-05-19 22:41:11,858 - __main__ - INFO - client >> audio (2730 bytes)
2026-05-19 22:41:11,942 - __main__ - INFO - client >> audio (2730 bytes)
2026-05-19 22:41:12,028 - __main__ - INFO - client >> audio (2730 bytes)
2026-05-19 22:41:12,116 - __main__ - INFO - client >> audio (2730 bytes)
2026-05-19 22:41:12,200 - __main__ - INFO - client >> audio (2730 bytes)
2026-05-19 22:41:12,283 - __main__ - INFO - client >> audio (2730 bytes)
2026-05-19 22:41:12,370 - __main__ - INFO - client >> audio (2730 bytes)
2026-05-19 22:41:12,458 - __main__ - INFO - client >> audio (2730 bytes)
2026-05-19 22:41:12,541 - __main__ - INFO - client >> audio (2730 bytes)
2026-05-19 22:41:12,625 - __main__ - INFO - client >> audio (2730 bytes)
2026-05-19 22:41:12,712 - __main__ - INFO - client >> audio (2730 bytes)
2026-05-19 22:41:12,799 - __main__ - INFO - client >> audio (2730 bytes)
2026-05-19 22:41:12,882 - __main__ - INFO - client >> audio (2730 bytes)
2026-05-19 22:41:12,967 - __main__ - INFO - client >> audio (2730 bytes)
2026-05-19 22:41:13,052 - __main__ - INFO - client >> audio (2730 bytes)
2026-05-19 22:41:13,149 - __main__ - INFO - client >> audio (2730 bytes)
2026-05-19 22:41:13,224 - __main__ - INFO - client >> audio (2730 bytes)
2026-05-19 22:41:13,308 - __main__ - INFO - client >> audio (2730 bytes)
2026-05-19 22:41:13,393 - __main__ - INFO - client >> audio (2730 bytes)
2026-05-19 22:41:13,481 - __main__ - INFO - client >> audio (2730 bytes)
2026-05-19 22:41:13,565 - __main__ - INFO - client >> audio (2730 bytes)
2026-05-19 22:41:13,649 - __main__ - INFO - client >> audio (2730 bytes)
2026-05-19 22:41:13,735 - __main__ - INFO - client >> audio (2730 bytes)
2026-05-19 22:41:13,821 - __main__ - INFO - client >> audio (2730 bytes)
2026-05-19 22:41:13,905 - __main__ - INFO - client >> audio (2730 bytes)
2026-05-19 22:41:13,990 - __main__ - INFO - client >> audio (2730 bytes)
2026-05-19 22:41:14,076 - __main__ - INFO - client >> audio (2730 bytes)
2026-05-19 22:41:14,162 - __main__ - INFO - client >> audio (2730 bytes)
2026-05-19 22:41:14,246 - __main__ - INFO - client >> audio (2730 bytes)
2026-05-19 22:41:14,331 - __main__ - INFO - client >> audio (2730 bytes)
2026-05-19 22:41:14,420 - __main__ - INFO - client >> audio (2730 bytes)
2026-05-19 22:41:14,504 - __main__ - INFO - client >> audio (2730 bytes)
2026-05-19 22:41:14,593 - __main__ - INFO - client >> audio (2730 bytes)
2026-05-19 22:41:14,672 - __main__ - INFO - client >> audio (2730 bytes)
2026-05-19 22:41:14,762 - __main__ - INFO - client >> audio (2730 bytes)
2026-05-19 22:41:14,844 - __main__ - INFO - client >> audio (2730 bytes)
2026-05-19 22:41:14,929 - __main__ - INFO - client >> audio (2730 bytes)
2026-05-19 22:41:15,014 - __main__ - INFO - client >> audio (2730 bytes)
2026-05-19 22:41:15,103 - __main__ - INFO - client >> audio (2730 bytes)
2026-05-19 22:41:15,186 - __main__ - INFO - client >> audio (2730 bytes)
2026-05-19 22:41:15,216 - __main__ - INFO - dg << UserStartedSpeaking
2026-05-19 22:41:15,218 - __main__ - INFO - barge-in detected
2026-05-19 22:41:15,270 - __main__ - INFO - client >> audio (2730 bytes)
2026-05-19 22:41:15,355 - __main__ - INFO - client >> audio (2730 bytes)
2026-05-19 22:41:15,444 - __main__ - INFO - client >> audio (2730 bytes)
2026-05-19 22:41:15,528 - __main__ - INFO - client >> audio (2730 bytes)
2026-05-19 22:41:15,611 - __main__ - INFO - client >> audio (2730 bytes)
2026-05-19 22:41:15,697 - __main__ - INFO - client >> audio (2730 bytes)
2026-05-19 22:41:15,785 - __main__ - INFO - client >> audio (2730 bytes)
2026-05-19 22:41:15,869 - __main__ - INFO - client >> audio (2730 bytes)
2026-05-19 22:41:15,953 - __main__ - INFO - client >> audio (2730 bytes)
2026-05-19 22:41:16,039 - __main__ - INFO - client >> audio (2730 bytes)
2026-05-19 22:41:16,126 - __main__ - INFO - client >> audio (2730 bytes)
2026-05-19 22:41:16,210 - __main__ - INFO - client >> audio (2730 bytes)
2026-05-19 22:41:16,294 - __main__ - INFO - client >> audio (2730 bytes)
2026-05-19 22:41:16,380 - __main__ - INFO - client >> audio (2730 bytes)
2026-05-19 22:41:16,468 - __main__ - INFO - client >> audio (2730 bytes)
2026-05-19 22:41:16,552 - __main__ - INFO - client >> audio (2730 bytes)
2026-05-19 22:41:16,635 - __main__ - INFO - client >> audio (2730 bytes)
2026-05-19 22:41:16,722 - __main__ - INFO - client >> audio (2730 bytes)
2026-05-19 22:41:16,815 - __main__ - INFO - client >> audio (2730 bytes)
2026-05-19 22:41:16,893 - __main__ - INFO - client >> audio (2730 bytes)
2026-05-19 22:41:16,977 - __main__ - INFO - client >> audio (2730 bytes)
2026-05-19 22:41:17,063 - __main__ - INFO - client >> audio (2730 bytes)
2026-05-19 22:41:17,150 - __main__ - INFO - client >> audio (2730 bytes)
2026-05-19 22:41:17,233 - __main__ - INFO - client >> audio (2730 bytes)
2026-05-19 22:41:17,318 - __main__ - INFO - client >> audio (2730 bytes)
2026-05-19 22:41:17,408 - __main__ - INFO - client >> audio (2730 bytes)
2026-05-19 22:41:17,490 - __main__ - INFO - client >> audio (2730 bytes)
2026-05-19 22:41:17,495 - __main__ - INFO - dg << ConversationText
2026-05-19 22:41:17,496 - __main__ - INFO - dg << History
2026-05-19 22:41:17,596 - __main__ - INFO - client >> audio (2730 bytes)
2026-05-19 22:41:17,667 - __main__ - INFO - client >> audio (2730 bytes)
2026-05-19 22:41:17,762 - __main__ - INFO - client >> audio (2730 bytes)
2026-05-19 22:41:17,834 - __main__ - INFO - client >> audio (2730 bytes)
2026-05-19 22:41:17,936 - __main__ - INFO - client >> audio (2730 bytes)
2026-05-19 22:41:17,941 - __main__ - INFO - dg >> audio (960 bytes)
2026-05-19 22:41:17,942 - __main__ - INFO - dg << ConversationText
2026-05-19 22:41:17,944 - __main__ - INFO - dg << History
2026-05-19 22:41:17,945 - __main__ - INFO - dg >> audio (960 bytes)
2026-05-19 22:41:17,946 - __main__ - INFO - dg >> audio (960 bytes)
2026-05-19 22:41:17,947 - __main__ - INFO - dg >> audio (960 bytes)
2026-05-19 22:41:17,948 - __main__ - INFO - dg >> audio (960 bytes)
2026-05-19 22:41:17,949 - __main__ - INFO - dg >> audio (960 bytes)
2026-05-19 22:41:17,950 - __main__ - INFO - dg >> audio (960 bytes)
2026-05-19 22:41:17,951 - __main__ - INFO - dg >> audio (960 bytes)
2026-05-19 22:41:17,952 - __main__ - INFO - dg >> audio (960 bytes)
2026-05-19 22:41:17,954 - __main__ - INFO - dg >> audio (960 bytes)
2026-05-19 22:41:17,955 - __main__ - INFO - dg >> audio (960 bytes)
2026-05-19 22:41:18,098 - __main__ - INFO - client >> audio (2730 bytes)
2026-05-19 22:41:18,190 - __main__ - INFO - client >> audio (2730 bytes)
2026-05-19 22:41:18,258 - __main__ - INFO - client >> audio (2730 bytes)
2026-05-19 22:41:18,266 - __main__ - INFO - dg >> audio (960 bytes)
2026-05-19 22:41:18,268 - __main__ - INFO - dg >> audio (960 bytes)
2026-05-19 22:41:18,270 - __main__ - INFO - dg >> audio (960 bytes)
2026-05-19 22:41:18,271 - __main__ - INFO - dg >> audio (960 bytes)
2026-05-19 22:41:18,272 - __main__ - INFO - dg >> audio (960 bytes)
2026-05-19 22:41:18,273 - __main__ - INFO - dg >> audio (960 bytes)
2026-05-19 22:41:18,274 - __main__ - INFO - dg >> audio (960 bytes)
2026-05-19 22:41:18,275 - __main__ - INFO - dg >> audio (960 bytes)
2026-05-19 22:41:18,276 - __main__ - INFO - dg >> audio (336 bytes)
2026-05-19 22:41:18,364 - __main__ - INFO - client >> audio (2730 bytes)
2026-05-19 22:41:18,471 - __main__ - INFO - client >> audio (2730 bytes)
2026-05-19 22:41:18,475 - __main__ - INFO - dg >> audio (960 bytes)
2026-05-19 22:41:18,476 - __main__ - INFO - dg << ConversationText
2026-05-19 22:41:18,478 - __main__ - INFO - dg << History
2026-05-19 22:41:18,478 - __main__ - INFO - dg >> audio (960 bytes)
2026-05-19 22:41:18,480 - __main__ - INFO - dg >> audio (960 bytes)
2026-05-19 22:41:18,481 - __main__ - INFO - dg >> audio (960 bytes)
2026-05-19 22:41:18,482 - __main__ - INFO - dg >> audio (960 bytes)
2026-05-19 22:41:18,483 - __main__ - INFO - dg >> audio (960 bytes)
2026-05-19 22:41:18,484 - __main__ - INFO - dg >> audio (960 bytes)
2026-05-19 22:41:18,529 - __main__ - INFO - client >> audio (2730 bytes)
2026-05-19 22:41:18,542 - __main__ - INFO - dg >> audio (960 bytes)
2026-05-19 22:41:18,544 - __main__ - INFO - dg >> audio (960 bytes)
2026-05-19 22:41:18,546 - __main__ - INFO - dg >> audio (960 bytes)
2026-05-19 22:41:18,547 - __main__ - INFO - dg >> audio (960 bytes)
2026-05-19 22:41:18,548 - __main__ - INFO - dg >> audio (960 bytes)
2026-05-19 22:41:18,550 - __main__ - INFO - dg >> audio (960 bytes)
2026-05-19 22:41:18,551 - __main__ - INFO - dg >> audio (960 bytes)
2026-05-19 22:41:18,552 - __main__ - INFO - dg >> audio (960 bytes)
2026-05-19 22:41:18,553 - __main__ - INFO - dg >> audio (960 bytes)
2026-05-19 22:41:18,554 - __main__ - INFO - dg >> audio (960 bytes)
2026-05-19 22:41:18,556 - __main__ - INFO - dg >> audio (960 bytes)
2026-05-19 22:41:18,557 - __main__ - INFO - dg >> audio (960 bytes)
2026-05-19 22:41:18,559 - __main__ - INFO - dg >> audio (960 bytes)
2026-05-19 22:41:18,560 - __main__ - INFO - dg >> audio (960 bytes)
2026-05-19 22:41:18,561 - __main__ - INFO - dg >> audio (960 bytes)
2026-05-19 22:41:18,562 - __main__ - INFO - dg >> audio (960 bytes)
2026-05-19 22:41:18,563 - __main__ - INFO - dg >> audio (960 bytes)
2026-05-19 22:41:18,564 - __main__ - INFO - dg >> audio (960 bytes)
2026-05-19 22:41:18,566 - __main__ - INFO - dg >> audio (960 bytes)
2026-05-19 22:41:18,567 - __main__ - INFO - dg >> audio (960 bytes)
2026-05-19 22:41:18,568 - __main__ - INFO - dg >> audio (960 bytes)
2026-05-19 22:41:18,569 - __main__ - INFO - dg >> audio (960 bytes)
2026-05-19 22:41:18,570 - __main__ - INFO - dg >> audio (960 bytes)
2026-05-19 22:41:18,705 - __main__ - INFO - client >> audio (2730 bytes)
2026-05-19 22:41:18,762 - __main__ - INFO - dg >> audio (960 bytes)
2026-05-19 22:41:18,764 - __main__ - INFO - dg >> audio (960 bytes)
2026-05-19 22:41:18,765 - __main__ - INFO - dg >> audio (960 bytes)
2026-05-19 22:41:18,767 - __main__ - INFO - dg >> audio (960 bytes)
2026-05-19 22:41:18,768 - __main__ - INFO - dg >> audio (960 bytes)
2026-05-19 22:41:18,769 - __main__ - INFO - dg >> audio (960 bytes)
2026-05-19 22:41:18,770 - __main__ - INFO - dg >> audio (960 bytes)
2026-05-19 22:41:18,771 - __main__ - INFO - dg >> audio (960 bytes)
2026-05-19 22:41:18,773 - __main__ - INFO - dg >> audio (960 bytes)
2026-05-19 22:41:18,774 - __main__ - INFO - dg >> audio (960 bytes)
2026-05-19 22:41:18,776 - __main__ - INFO - dg >> audio (960 bytes)
2026-05-19 22:41:18,777 - __main__ - INFO - dg >> audio (960 bytes)
2026-05-19 22:41:18,778 - __main__ - INFO - dg >> audio (960 bytes)
2026-05-19 22:41:18,779 - __main__ - INFO - dg >> audio (960 bytes)
2026-05-19 22:41:18,780 - __main__ - INFO - dg >> audio (960 bytes)
2026-05-19 22:41:18,781 - __main__ - INFO - dg >> audio (960 bytes)
2026-05-19 22:41:18,782 - __main__ - INFO - dg >> audio (960 bytes)
2026-05-19 22:41:18,783 - __main__ - INFO - dg >> audio (960 bytes)
2026-05-19 22:41:18,784 - __main__ - INFO - dg >> audio (960 bytes)
2026-05-19 22:41:18,786 - __main__ - INFO - dg >> audio (960 bytes)
2026-05-19 22:41:18,787 - __main__ - INFO - dg >> audio (960 bytes)
2026-05-19 22:41:18,788 - __main__ - INFO - dg >> audio (960 bytes)
2026-05-19 22:41:18,789 - __main__ - INFO - dg >> audio (960 bytes)
2026-05-19 22:41:18,790 - __main__ - INFO - dg >> audio (960 bytes)
2026-05-19 22:41:18,791 - __main__ - INFO - dg >> audio (960 bytes)
2026-05-19 22:41:18,792 - __main__ - INFO - dg >> audio (960 bytes)
2026-05-19 22:41:18,794 - __main__ - INFO - dg >> audio (960 bytes)
2026-05-19 22:41:18,795 - __main__ - INFO - dg >> audio (960 bytes)
2026-05-19 22:41:18,796 - __main__ - INFO - dg >> audio (960 bytes)
2026-05-19 22:41:18,797 - __main__ - INFO - dg >> audio (960 bytes)
2026-05-19 22:41:18,798 - __main__ - INFO - dg >> audio (960 bytes)
2026-05-19 22:41:18,799 - __main__ - INFO - dg >> audio (960 bytes)
2026-05-19 22:41:18,800 - __main__ - INFO - dg >> audio (960 bytes)
2026-05-19 22:41:18,801 - __main__ - INFO - dg >> audio (960 bytes)
2026-05-19 22:41:18,803 - __main__ - INFO - dg >> audio (960 bytes)
2026-05-19 22:41:18,804 - __main__ - INFO - dg >> audio (960 bytes)
2026-05-19 22:41:18,818 - __main__ - INFO - dg >> audio (960 bytes)
2026-05-19 22:41:18,820 - __main__ - INFO - dg >> audio (960 bytes)
2026-05-19 22:41:18,822 - __main__ - INFO - dg >> audio (960 bytes)
2026-05-19 22:41:18,823 - __main__ - INFO - dg >> audio (960 bytes)
2026-05-19 22:41:18,824 - __main__ - INFO - dg >> audio (960 bytes)
2026-05-19 22:41:18,825 - __main__ - INFO - dg >> audio (960 bytes)
2026-05-19 22:41:18,826 - __main__ - INFO - dg >> audio (960 bytes)
2026-05-19 22:41:18,827 - __main__ - INFO - dg >> audio (960 bytes)
2026-05-19 22:41:18,828 - __main__ - INFO - dg >> audio (960 bytes)
2026-05-19 22:41:18,829 - __main__ - INFO - dg >> audio (960 bytes)
2026-05-19 22:41:18,830 - __main__ - INFO - dg >> audio (960 bytes)
2026-05-19 22:41:18,831 - __main__ - INFO - dg >> audio (960 bytes)
2026-05-19 22:41:18,832 - __main__ - INFO - dg >> audio (960 bytes)
2026-05-19 22:41:18,833 - __main__ - INFO - dg >> audio (960 bytes)
2026-05-19 22:41:18,834 - __main__ - INFO - dg >> audio (960 bytes)
2026-05-19 22:41:18,835 - __main__ - INFO - dg >> audio (960 bytes)
2026-05-19 22:41:18,836 - __main__ - INFO - dg >> audio (960 bytes)
2026-05-19 22:41:18,837 - __main__ - INFO - dg >> audio (960 bytes)
2026-05-19 22:41:18,838 - __main__ - INFO - dg >> audio (960 bytes)
2026-05-19 22:41:18,839 - __main__ - INFO - dg >> audio (960 bytes)
2026-05-19 22:41:18,840 - __main__ - INFO - dg >> audio (960 bytes)
2026-05-19 22:41:18,842 - __main__ - INFO - dg >> audio (960 bytes)
2026-05-19 22:41:18,843 - __main__ - INFO - dg >> audio (960 bytes)
2026-05-19 22:41:18,843 - __main__ - INFO - dg >> audio (960 bytes)
2026-05-19 22:41:18,845 - __main__ - INFO - dg >> audio (960 bytes)
2026-05-19 22:41:18,846 - __main__ - INFO - dg >> audio (960 bytes)
2026-05-19 22:41:18,847 - __main__ - INFO - dg >> audio (960 bytes)
2026-05-19 22:41:18,848 - __main__ - INFO - dg >> audio (960 bytes)
2026-05-19 22:41:18,849 - __main__ - INFO - dg >> audio (960 bytes)
2026-05-19 22:41:18,850 - __main__ - INFO - dg >> audio (960 bytes)
2026-05-19 22:41:18,851 - __main__ - INFO - dg >> audio (960 bytes)
2026-05-19 22:41:18,852 - __main__ - INFO - dg >> audio (960 bytes)
2026-05-19 22:41:18,853 - __main__ - INFO - dg >> audio (960 bytes)
2026-05-19 22:41:18,854 - __main__ - INFO - dg >> audio (960 bytes)
2026-05-19 22:41:18,855 - __main__ - INFO - dg >> audio (960 bytes)
2026-05-19 22:41:18,856 - __main__ - INFO - dg >> audio (960 bytes)
2026-05-19 22:41:18,857 - __main__ - INFO - dg >> audio (960 bytes)
2026-05-19 22:41:18,858 - __main__ - INFO - dg >> audio (960 bytes)
2026-05-19 22:41:18,860 - __main__ - INFO - dg >> audio (960 bytes)
2026-05-19 22:41:19,038 - __main__ - INFO - dg >> audio (960 bytes)
2026-05-19 22:41:19,046 - __main__ - INFO - dg >> audio (960 bytes)
2026-05-19 22:41:19,047 - __main__ - INFO - dg >> audio (960 bytes)
2026-05-19 22:41:19,048 - __main__ - INFO - dg >> audio (960 bytes)
2026-05-19 22:41:19,050 - __main__ - INFO - dg >> audio (960 bytes)
2026-05-19 22:41:19,051 - __main__ - INFO - dg >> audio (960 bytes)
2026-05-19 22:41:19,052 - __main__ - INFO - dg >> audio (960 bytes)
2026-05-19 22:41:19,053 - __main__ - INFO - dg >> audio (960 bytes)
2026-05-19 22:41:19,054 - __main__ - INFO - dg >> audio (960 bytes)
2026-05-19 22:41:19,055 - __main__ - INFO - dg >> audio (960 bytes)
2026-05-19 22:41:19,056 - __main__ - INFO - dg >> audio (960 bytes)
2026-05-19 22:41:19,057 - __main__ - INFO - dg >> audio (960 bytes)
2026-05-19 22:41:19,058 - __main__ - INFO - dg >> audio (960 bytes)
2026-05-19 22:41:19,059 - __main__ - INFO - dg >> audio (960 bytes)
2026-05-19 22:41:19,060 - __main__ - INFO - dg >> audio (960 bytes)
2026-05-19 22:41:19,061 - __main__ - INFO - dg >> audio (960 bytes)
2026-05-19 22:41:19,062 - __main__ - INFO - dg >> audio (960 bytes)
2026-05-19 22:41:19,063 - __main__ - INFO - dg >> audio (960 bytes)
2026-05-19 22:41:19,064 - __main__ - INFO - dg >> audio (960 bytes)
2026-05-19 22:41:19,065 - __main__ - INFO - dg >> audio (960 bytes)
2026-05-19 22:41:19,066 - __main__ - INFO - dg >> audio (960 bytes)
2026-05-19 22:41:19,068 - __main__ - INFO - dg >> audio (960 bytes)
2026-05-19 22:41:19,069 - __main__ - INFO - dg >> audio (960 bytes)
2026-05-19 22:41:19,070 - __main__ - INFO - dg >> audio (960 bytes)
2026-05-19 22:41:19,071 - __main__ - INFO - dg >> audio (960 bytes)
2026-05-19 22:41:19,072 - __main__ - INFO - dg >> audio (960 bytes)
2026-05-19 22:41:19,073 - __main__ - INFO - dg >> audio (960 bytes)
2026-05-19 22:41:19,074 - __main__ - INFO - dg >> audio (960 bytes)
2026-05-19 22:41:19,075 - __main__ - INFO - dg >> audio (960 bytes)
2026-05-19 22:41:19,076 - __main__ - INFO - dg >> audio (960 bytes)
2026-05-19 22:41:19,077 - __main__ - INFO - dg >> audio (960 bytes)
2026-05-19 22:41:19,078 - __main__ - INFO - dg >> audio (960 bytes)
2026-05-19 22:41:19,079 - __main__ - INFO - dg >> audio (960 bytes)
2026-05-19 22:41:19,080 - __main__ - INFO - dg >> audio (960 bytes)
2026-05-19 22:41:19,081 - __main__ - INFO - dg >> audio (960 bytes)
2026-05-19 22:41:19,082 - __main__ - INFO - dg >> audio (960 bytes)
2026-05-19 22:41:19,083 - __main__ - INFO - dg >> audio (960 bytes)
2026-05-19 22:41:19,084 - __main__ - INFO - dg >> audio (28 bytes)
2026-05-19 22:41:19,085 - __main__ - INFO - dg << AgentAudioDone
2026-05-19 22:41:19,085 - __main__ - INFO - forwarding AgentAudioDone to client
2026-05-19 22:41:19,087 - __main__ - INFO - client >> audio (2730 bytes)
2026-05-19 22:41:19,136 - __main__ - INFO - client >> audio (2730 bytes)
2026-05-19 22:41:19,218 - __main__ - INFO - client >> audio (2730 bytes)
2026-05-19 22:41:19,299 - __main__ - INFO - client >> audio (2730 bytes)
2026-05-19 22:41:19,379 - __main__ - INFO - client >> audio (2730 bytes)
2026-05-19 22:41:19,468 - __main__ - INFO - client >> audio (2730 bytes)
2026-05-19 22:41:19,549 - __main__ - INFO - client >> audio (2730 bytes)
2026-05-19 22:41:19,634 - __main__ - INFO - client >> audio (2730 bytes)
2026-05-19 22:41:19,740 - __main__ - INFO - client >> audio (2730 bytes)
2026-05-19 22:41:19,805 - __main__ - INFO - client >> audio (2730 bytes)
2026-05-19 22:41:19,890 - __main__ - INFO - client >> audio (2730 bytes)
2026-05-19 22:41:19,978 - __main__ - INFO - client >> audio (2730 bytes)
2026-05-19 22:41:20,061 - __main__ - INFO - client >> audio (2730 bytes)
2026-05-19 22:41:20,145 - __main__ - INFO - client >> audio (2730 bytes)
2026-05-19 22:41:20,232 - __main__ - INFO - client >> audio (2730 bytes)
2026-05-19 22:41:20,321 - __main__ - INFO - client >> audio (2730 bytes)
2026-05-19 22:41:20,402 - __main__ - INFO - client >> audio (2730 bytes)
2026-05-19 22:41:20,487 - __main__ - INFO - client >> audio (2730 bytes)
2026-05-19 22:41:20,572 - __main__ - INFO - client >> audio (2730 bytes)
2026-05-19 22:41:20,667 - __main__ - INFO - client >> audio (2730 bytes)
2026-05-19 22:41:20,743 - __main__ - INFO - client >> audio (2730 bytes)
2026-05-19 22:41:20,828 - __main__ - INFO - client >> audio (2730 bytes)
2026-05-19 22:41:20,914 - __main__ - INFO - client >> audio (2730 bytes)
2026-05-19 22:41:21,001 - __main__ - INFO - client >> audio (2730 bytes)
2026-05-19 22:41:21,090 - __main__ - INFO - client >> audio (2730 bytes)
2026-05-19 22:41:21,169 - __main__ - INFO - client >> audio (2730 bytes)
2026-05-19 22:41:21,259 - __main__ - INFO - client >> audio (2730 bytes)
2026-05-19 22:41:21,348 - __main__ - INFO - client >> audio (2730 bytes)
2026-05-19 22:41:21,426 - __main__ - INFO - client >> audio (2730 bytes)
2026-05-19 22:41:21,511 - __main__ - INFO - client >> audio (2730 bytes)
2026-05-19 22:41:21,601 - __main__ - INFO - client >> audio (2730 bytes)
2026-05-19 22:41:21,682 - __main__ - INFO - client >> audio (2730 bytes)
2026-05-19 22:41:21,767 - __main__ - INFO - client >> audio (2730 bytes)
2026-05-19 22:41:21,852 - __main__ - INFO - client >> audio (2730 bytes)
2026-05-19 22:41:21,941 - __main__ - INFO - client >> audio (2730 bytes)
2026-05-19 22:41:22,024 - __main__ - INFO - client >> audio (2730 bytes)
2026-05-19 22:41:22,108 - __main__ - INFO - client >> audio (2730 bytes)
2026-05-19 22:41:22,193 - __main__ - INFO - client >> audio (2730 bytes)
2026-05-19 22:41:22,282 - __main__ - INFO - client >> audio (2730 bytes)
2026-05-19 22:41:22,366 - __main__ - INFO - client >> audio (2730 bytes)
2026-05-19 22:41:22,449 - __main__ - INFO - client >> audio (2730 bytes)
2026-05-19 22:41:22,534 - __main__ - INFO - client >> audio (2730 bytes)
2026-05-19 22:41:22,630 - __main__ - INFO - client >> audio (2730 bytes)
2026-05-19 22:41:22,707 - __main__ - INFO - client >> audio (2730 bytes)
2026-05-19 22:41:22,791 - __main__ - INFO - client >> audio (2730 bytes)
2026-05-19 22:41:22,876 - __main__ - INFO - client >> audio (2730 bytes)
2026-05-19 22:41:22,965 - __main__ - INFO - client >> audio (2730 bytes)
2026-05-19 22:41:23,047 - __main__ - INFO - client >> audio (2730 bytes)
2026-05-19 22:41:23,132 - __main__ - INFO - client >> audio (2730 bytes)
2026-05-19 22:41:23,218 - __main__ - INFO - client >> audio (2730 bytes)
2026-05-19 22:41:23,305 - __main__ - INFO - client >> audio (2730 bytes)
2026-05-19 22:41:23,389 - __main__ - INFO - client >> audio (2730 bytes)
2026-05-19 22:41:23,474 - __main__ - INFO - client >> audio (2730 bytes)
2026-05-19 22:41:23,559 - __main__ - INFO - client >> audio (2730 bytes)
2026-05-19 22:41:23,647 - __main__ - INFO - client >> audio (2730 bytes)
2026-05-19 22:41:23,730 - __main__ - INFO - client >> audio (2730 bytes)
2026-05-19 22:41:23,815 - __main__ - INFO - client >> audio (2730 bytes)
2026-05-19 22:41:23,845 - __main__ - INFO - dg << UserStartedSpeaking
2026-05-19 22:41:23,846 - __main__ - INFO - barge-in detected
2026-05-19 22:41:23,905 - __main__ - INFO - client >> audio (2730 bytes)
2026-05-19 22:41:23,987 - __main__ - INFO - client >> audio (2730 bytes)
2026-05-19 22:41:24,070 - __main__ - INFO - client >> audio (2730 bytes)
2026-05-19 22:41:24,156 - __main__ - INFO - client >> audio (2730 bytes)
2026-05-19 22:41:24,246 - __main__ - INFO - client >> audio (2730 bytes)
2026-05-19 22:41:24,329 - __main__ - INFO - client >> audio (2730 bytes)
2026-05-19 22:41:24,414 - __main__ - INFO - client >> audio (2730 bytes)
2026-05-19 22:41:24,502 - __main__ - INFO - client >> audio (2730 bytes)
2026-05-19 22:41:24,584 - __main__ - INFO - client >> audio (2730 bytes)
2026-05-19 22:41:24,677 - __main__ - INFO - client >> audio (2730 bytes)
2026-05-19 22:41:24,774 - __main__ - INFO - client >> audio (2730 bytes)
2026-05-19 22:41:24,843 - __main__ - INFO - client >> audio (2730 bytes)
2026-05-19 22:41:24,924 - __main__ - INFO - client >> audio (2730 bytes)
2026-05-19 22:41:25,021 - __main__ - INFO - client >> audio (2730 bytes)
2026-05-19 22:41:25,095 - __main__ - INFO - client >> audio (2730 bytes)
2026-05-19 22:41:25,180 - __main__ - INFO - client >> audio (2730 bytes)
2026-05-19 22:41:25,228 - __main__ - INFO - dg << ConversationText
2026-05-19 22:41:25,230 - __main__ - INFO - dg << History
2026-05-19 22:41:25,274 - __main__ - INFO - client >> audio (2730 bytes)
2026-05-19 22:41:25,356 - __main__ - INFO - client >> audio (2730 bytes)
2026-05-19 22:41:25,449 - __main__ - INFO - client >> audio (2730 bytes)
2026-05-19 22:41:25,528 - __main__ - INFO - client >> audio (2730 bytes)
2026-05-19 22:41:25,624 - __main__ - INFO - client >> audio (2730 bytes)
2026-05-19 22:41:25,694 - __main__ - INFO - client >> audio (2730 bytes)
2026-05-19 22:41:25,786 - __main__ - INFO - client >> audio (2730 bytes)
2026-05-19 22:41:25,865 - __main__ - INFO - client >> audio (2730 bytes)
2026-05-19 22:41:25,948 - __main__ - INFO - client >> audio (2730 bytes)
2026-05-19 22:41:25,980 - __main__ - INFO - dg << UserStartedSpeaking
2026-05-19 22:41:25,982 - __main__ - INFO - barge-in detected
2026-05-19 22:41:25,983 - __main__ - INFO - dg << AgentAudioDone
2026-05-19 22:41:25,984 - __main__ - INFO - forwarding AgentAudioDone to client
2026-05-19 22:41:26,040 - __main__ - INFO - client >> audio (2730 bytes)
2026-05-19 22:41:26,126 - __main__ - INFO - client >> audio (2730 bytes)
2026-05-19 22:41:26,207 - __main__ - INFO - client >> audio (2730 bytes)
2026-05-19 22:41:26,290 - __main__ - INFO - client >> audio (2730 bytes)
2026-05-19 22:41:26,375 - __main__ - INFO - client >> audio (2730 bytes)
2026-05-19 22:41:26,460 - __main__ - INFO - client >> audio (2730 bytes)
2026-05-19 22:41:26,546 - __main__ - INFO - client >> audio (2730 bytes)
2026-05-19 22:41:26,632 - __main__ - INFO - client >> audio (2730 bytes)
2026-05-19 22:41:26,718 - __main__ - INFO - client >> audio (2730 bytes)
2026-05-19 22:41:26,801 - __main__ - INFO - client >> audio (2730 bytes)
2026-05-19 22:41:26,890 - __main__ - INFO - client >> audio (2730 bytes)
2026-05-19 22:41:26,974 - __main__ - INFO - client >> audio (2730 bytes)
2026-05-19 22:41:27,057 - __main__ - INFO - client >> audio (2730 bytes)
2026-05-19 22:41:27,143 - __main__ - INFO - client >> audio (2730 bytes)
2026-05-19 22:41:27,231 - __main__ - INFO - client >> audio (2730 bytes)
2026-05-19 22:41:27,315 - __main__ - INFO - client >> audio (2730 bytes)
2026-05-19 22:41:27,398 - __main__ - INFO - client >> audio (2730 bytes)
2026-05-19 22:41:27,485 - __main__ - INFO - client >> audio (2730 bytes)
2026-05-19 22:41:27,573 - __main__ - INFO - client >> audio (2730 bytes)
2026-05-19 22:41:27,657 - __main__ - INFO - client >> audio (2730 bytes)
2026-05-19 22:41:27,740 - __main__ - INFO - client >> audio (2730 bytes)
2026-05-19 22:41:27,825 - __main__ - INFO - client >> audio (2730 bytes)
2026-05-19 22:41:27,913 - __main__ - INFO - client >> audio (2730 bytes)
2026-05-19 22:41:27,996 - __main__ - INFO - client >> audio (2730 bytes)
2026-05-19 22:41:28,082 - __main__ - INFO - client >> audio (2730 bytes)
2026-05-19 22:41:28,166 - __main__ - INFO - client >> audio (2730 bytes)
2026-05-19 22:41:28,255 - __main__ - INFO - client >> audio (2730 bytes)
2026-05-19 22:41:28,338 - __main__ - INFO - client >> audio (2730 bytes)
2026-05-19 22:41:28,422 - __main__ - INFO - client >> audio (2730 bytes)
2026-05-19 22:41:28,508 - __main__ - INFO - client >> audio (2730 bytes)
2026-05-19 22:41:28,597 - __main__ - INFO - client >> audio (2730 bytes)
2026-05-19 22:41:28,679 - __main__ - INFO - client >> audio (2730 bytes)
2026-05-19 22:41:28,764 - __main__ - INFO - client >> audio (2730 bytes)
2026-05-19 22:41:28,850 - __main__ - INFO - client >> audio (2730 bytes)
2026-05-19 22:41:28,939 - __main__ - INFO - client >> audio (2730 bytes)
2026-05-19 22:41:29,023 - __main__ - INFO - client >> audio (2730 bytes)
2026-05-19 22:41:29,105 - __main__ - INFO - client >> audio (2730 bytes)
2026-05-19 22:41:29,191 - __main__ - INFO - client >> audio (2730 bytes)
2026-05-19 22:41:29,227 - __main__ - INFO - dg << ConversationText
2026-05-19 22:41:29,229 - __main__ - INFO - dg << History
2026-05-19 22:41:29,285 - __main__ - INFO - client >> audio (2730 bytes)
2026-05-19 22:41:29,382 - __main__ - INFO - client >> audio (2730 bytes)
2026-05-19 22:41:29,454 - __main__ - INFO - client >> audio (2730 bytes)
2026-05-19 22:41:29,532 - __main__ - INFO - client >> audio (2730 bytes)
2026-05-19 22:41:29,590 - __main__ - INFO - dg >> audio (960 bytes)
2026-05-19 22:41:29,593 - __main__ - INFO - dg << ConversationText
2026-05-19 22:41:29,594 - __main__ - INFO - dg << History
2026-05-19 22:41:29,595 - __main__ - INFO - dg >> audio (960 bytes)
2026-05-19 22:41:29,597 - __main__ - INFO - dg >> audio (960 bytes)
2026-05-19 22:41:29,598 - __main__ - INFO - dg >> audio (960 bytes)
2026-05-19 22:41:29,600 - __main__ - INFO - dg >> audio (960 bytes)
2026-05-19 22:41:29,601 - __main__ - INFO - dg >> audio (960 bytes)
2026-05-19 22:41:29,602 - __main__ - INFO - dg >> audio (960 bytes)
2026-05-19 22:41:29,603 - __main__ - INFO - dg >> audio (960 bytes)
2026-05-19 22:41:29,604 - __main__ - INFO - dg >> audio (960 bytes)
2026-05-19 22:41:29,862 - __main__ - INFO - client >> audio (2730 bytes)
2026-05-19 22:41:29,870 - __main__ - INFO - dg >> audio (960 bytes)
2026-05-19 22:41:29,872 - __main__ - INFO - dg >> audio (960 bytes)
2026-05-19 22:41:29,873 - __main__ - INFO - dg >> audio (960 bytes)
2026-05-19 22:41:29,874 - __main__ - INFO - dg >> audio (960 bytes)
2026-05-19 22:41:29,875 - __main__ - INFO - dg >> audio (152 bytes)
2026-05-19 22:41:30,010 - __main__ - INFO - client >> audio (2730 bytes)
2026-05-19 22:41:30,048 - __main__ - INFO - client >> audio (2730 bytes)
2026-05-19 22:41:30,134 - __main__ - INFO - client >> audio (2730 bytes)
2026-05-19 22:41:30,175 - __main__ - INFO - dg >> audio (960 bytes)
2026-05-19 22:41:30,177 - __main__ - INFO - dg << ConversationText
2026-05-19 22:41:30,178 - __main__ - INFO - dg << History
2026-05-19 22:41:30,179 - __main__ - INFO - dg >> audio (960 bytes)
2026-05-19 22:41:30,181 - __main__ - INFO - dg >> audio (960 bytes)
2026-05-19 22:41:30,182 - __main__ - INFO - dg >> audio (960 bytes)
2026-05-19 22:41:30,183 - __main__ - INFO - dg >> audio (960 bytes)
2026-05-19 22:41:30,184 - __main__ - INFO - dg >> audio (960 bytes)
2026-05-19 22:41:30,185 - __main__ - INFO - dg >> audio (960 bytes)
2026-05-19 22:41:30,186 - __main__ - INFO - dg >> audio (960 bytes)
2026-05-19 22:41:30,187 - __main__ - INFO - dg >> audio (960 bytes)
2026-05-19 22:41:30,188 - __main__ - INFO - dg >> audio (960 bytes)
2026-05-19 22:41:30,189 - __main__ - INFO - dg >> audio (960 bytes)
2026-05-19 22:41:30,190 - __main__ - INFO - dg >> audio (960 bytes)
2026-05-19 22:41:30,191 - __main__ - INFO - dg >> audio (960 bytes)
2026-05-19 22:41:30,192 - __main__ - INFO - dg >> audio (960 bytes)
2026-05-19 22:41:30,194 - __main__ - INFO - dg >> audio (960 bytes)
2026-05-19 22:41:30,195 - __main__ - INFO - dg >> audio (960 bytes)
2026-05-19 22:41:30,197 - __main__ - INFO - dg >> audio (960 bytes)
2026-05-19 22:41:30,198 - __main__ - INFO - dg >> audio (960 bytes)
2026-05-19 22:41:30,199 - __main__ - INFO - dg >> audio (960 bytes)
2026-05-19 22:41:30,199 - __main__ - INFO - dg >> audio (960 bytes)
2026-05-19 22:41:30,200 - __main__ - INFO - dg >> audio (960 bytes)
2026-05-19 22:41:30,451 - __main__ - INFO - dg >> audio (960 bytes)
2026-05-19 22:41:30,459 - __main__ - INFO - dg >> audio (960 bytes)
2026-05-19 22:41:30,460 - __main__ - INFO - dg >> audio (960 bytes)
2026-05-19 22:41:30,462 - __main__ - INFO - dg >> audio (960 bytes)
2026-05-19 22:41:30,463 - __main__ - INFO - dg >> audio (960 bytes)
2026-05-19 22:41:30,464 - __main__ - INFO - dg >> audio (960 bytes)
2026-05-19 22:41:30,467 - __main__ - INFO - dg >> audio (960 bytes)
2026-05-19 22:41:30,468 - __main__ - INFO - dg >> audio (960 bytes)
2026-05-19 22:41:30,469 - __main__ - INFO - dg >> audio (960 bytes)
2026-05-19 22:41:30,470 - __main__ - INFO - dg >> audio (960 bytes)
2026-05-19 22:41:30,471 - __main__ - INFO - dg >> audio (960 bytes)
2026-05-19 22:41:30,472 - __main__ - INFO - dg >> audio (960 bytes)
2026-05-19 22:41:30,473 - __main__ - INFO - dg >> audio (960 bytes)
2026-05-19 22:41:30,474 - __main__ - INFO - dg >> audio (960 bytes)
2026-05-19 22:41:30,475 - __main__ - INFO - dg >> audio (960 bytes)
2026-05-19 22:41:30,476 - __main__ - INFO - dg >> audio (960 bytes)
2026-05-19 22:41:30,476 - __main__ - INFO - dg >> audio (960 bytes)
2026-05-19 22:41:30,477 - __main__ - INFO - dg >> audio (960 bytes)
2026-05-19 22:41:30,478 - __main__ - INFO - dg >> audio (960 bytes)
2026-05-19 22:41:30,479 - __main__ - INFO - dg >> audio (960 bytes)
2026-05-19 22:41:30,481 - __main__ - INFO - dg >> audio (960 bytes)
2026-05-19 22:41:30,482 - __main__ - INFO - dg >> audio (960 bytes)
2026-05-19 22:41:30,484 - __main__ - INFO - dg >> audio (960 bytes)
2026-05-19 22:41:30,485 - __main__ - INFO - dg >> audio (960 bytes)
2026-05-19 22:41:30,486 - __main__ - INFO - dg >> audio (960 bytes)
2026-05-19 22:41:30,487 - __main__ - INFO - dg >> audio (960 bytes)
2026-05-19 22:41:30,488 - __main__ - INFO - dg >> audio (960 bytes)
2026-05-19 22:41:30,489 - __main__ - INFO - dg >> audio (960 bytes)
2026-05-19 22:41:30,490 - __main__ - INFO - dg >> audio (960 bytes)
2026-05-19 22:41:30,491 - __main__ - INFO - dg >> audio (960 bytes)
2026-05-19 22:41:30,492 - __main__ - INFO - dg >> audio (960 bytes)
2026-05-19 22:41:30,493 - __main__ - INFO - dg >> audio (960 bytes)
2026-05-19 22:41:30,494 - __main__ - INFO - dg >> audio (960 bytes)
2026-05-19 22:41:30,495 - __main__ - INFO - dg >> audio (960 bytes)
2026-05-19 22:41:30,496 - __main__ - INFO - dg >> audio (960 bytes)
2026-05-19 22:41:30,497 - __main__ - INFO - dg >> audio (960 bytes)
2026-05-19 22:41:30,498 - __main__ - INFO - dg >> audio (960 bytes)
2026-05-19 22:41:30,499 - __main__ - INFO - dg >> audio (960 bytes)
2026-05-19 22:41:30,500 - __main__ - INFO - dg >> audio (960 bytes)
2026-05-19 22:41:30,500 - __main__ - INFO - dg >> audio (960 bytes)
2026-05-19 22:41:30,501 - __main__ - INFO - dg >> audio (960 bytes)
2026-05-19 22:41:30,502 - __main__ - INFO - dg >> audio (960 bytes)
2026-05-19 22:41:30,503 - __main__ - INFO - dg >> audio (960 bytes)
2026-05-19 22:41:30,504 - __main__ - INFO - dg >> audio (960 bytes)
2026-05-19 22:41:30,505 - __main__ - INFO - dg >> audio (960 bytes)
2026-05-19 22:41:30,506 - __main__ - INFO - dg >> audio (960 bytes)
2026-05-19 22:41:30,507 - __main__ - INFO - dg >> audio (960 bytes)
2026-05-19 22:41:30,508 - __main__ - INFO - dg >> audio (960 bytes)
2026-05-19 22:41:30,509 - __main__ - INFO - dg >> audio (960 bytes)
2026-05-19 22:41:30,510 - __main__ - INFO - dg >> audio (960 bytes)
2026-05-19 22:41:30,511 - __main__ - INFO - dg >> audio (960 bytes)
2026-05-19 22:41:30,512 - __main__ - INFO - dg >> audio (960 bytes)
2026-05-19 22:41:30,514 - __main__ - INFO - dg >> audio (960 bytes)
2026-05-19 22:41:30,515 - __main__ - INFO - dg >> audio (960 bytes)
2026-05-19 22:41:30,516 - __main__ - INFO - dg >> audio (960 bytes)
2026-05-19 22:41:30,516 - __main__ - INFO - dg >> audio (960 bytes)
2026-05-19 22:41:30,517 - __main__ - INFO - dg >> audio (960 bytes)
2026-05-19 22:41:30,518 - __main__ - INFO - dg >> audio (960 bytes)
2026-05-19 22:41:30,519 - __main__ - INFO - dg >> audio (960 bytes)
2026-05-19 22:41:30,520 - __main__ - INFO - dg >> audio (960 bytes)
2026-05-19 22:41:30,522 - __main__ - INFO - dg >> audio (960 bytes)
2026-05-19 22:41:30,523 - __main__ - INFO - dg >> audio (960 bytes)
2026-05-19 22:41:30,524 - __main__ - INFO - dg >> audio (960 bytes)
2026-05-19 22:41:30,525 - __main__ - INFO - dg >> audio (960 bytes)
2026-05-19 22:41:30,526 - __main__ - INFO - dg >> audio (960 bytes)
2026-05-19 22:41:30,527 - __main__ - INFO - dg >> audio (960 bytes)
2026-05-19 22:41:30,528 - __main__ - INFO - dg >> audio (960 bytes)
2026-05-19 22:41:30,666 - __main__ - INFO - client >> audio (2730 bytes)
2026-05-19 22:41:30,729 - __main__ - INFO - dg >> audio (960 bytes)
2026-05-19 22:41:30,731 - __main__ - INFO - dg >> audio (960 bytes)
2026-05-19 22:41:30,732 - __main__ - INFO - dg >> audio (960 bytes)
2026-05-19 22:41:30,733 - __main__ - INFO - dg >> audio (960 bytes)
2026-05-19 22:41:30,734 - __main__ - INFO - dg >> audio (960 bytes)
2026-05-19 22:41:30,735 - __main__ - INFO - dg >> audio (256 bytes)
2026-05-19 22:41:30,740 - __main__ - INFO - client >> audio (2730 bytes)
2026-05-19 22:41:30,885 - __main__ - INFO - client >> audio (2730 bytes)
2026-05-19 22:41:30,921 - __main__ - INFO - client >> audio (2730 bytes)
2026-05-19 22:41:30,995 - __main__ - INFO - client >> audio (2730 bytes)
2026-05-19 22:41:31,078 - __main__ - INFO - client >> audio (2730 bytes)
2026-05-19 22:41:31,160 - __main__ - INFO - client >> audio (2730 bytes)
2026-05-19 22:41:31,239 - __main__ - INFO - client >> audio (2730 bytes)
2026-05-19 22:41:31,326 - __main__ - INFO - client >> audio (2730 bytes)
2026-05-19 22:41:31,422 - __main__ - INFO - client >> audio (2730 bytes)
2026-05-19 22:41:31,500 - __main__ - INFO - client >> audio (2730 bytes)
2026-05-19 22:41:31,582 - __main__ - INFO - client >> audio (2730 bytes)
2026-05-19 22:41:31,688 - __main__ - INFO - client >> audio (2730 bytes)
2026-05-19 22:41:31,752 - __main__ - INFO - client >> audio (2730 bytes)
2026-05-19 22:41:31,838 - __main__ - INFO - client >> audio (2730 bytes)
2026-05-19 22:41:31,938 - __main__ - INFO - client >> audio (2730 bytes)
2026-05-19 22:41:32,008 - __main__ - INFO - client >> audio (2730 bytes)
2026-05-19 22:41:32,104 - __main__ - INFO - client >> audio (2730 bytes)
2026-05-19 22:41:32,182 - __main__ - INFO - client >> audio (2730 bytes)
2026-05-19 22:41:32,279 - __main__ - INFO - client >> audio (2730 bytes)
2026-05-19 22:41:32,357 - __main__ - INFO - client >> audio (2730 bytes)
2026-05-19 22:41:32,435 - __main__ - INFO - client >> audio (2730 bytes)
2026-05-19 22:41:32,523 - __main__ - INFO - client >> audio (2730 bytes)
2026-05-19 22:41:32,607 - __main__ - INFO - client >> audio (2730 bytes)
2026-05-19 22:41:32,703 - __main__ - INFO - client >> audio (2730 bytes)
2026-05-19 22:41:32,781 - __main__ - INFO - client >> audio (2730 bytes)
2026-05-19 22:41:32,865 - __main__ - INFO - client >> audio (2730 bytes)
2026-05-19 22:41:32,948 - __main__ - INFO - client >> audio (2730 bytes)
2026-05-19 22:41:32,976 - __main__ - INFO - dg >> audio (960 bytes)
2026-05-19 22:41:32,978 - __main__ - INFO - dg << ConversationText
2026-05-19 22:41:32,979 - __main__ - INFO - dg << History
2026-05-19 22:41:32,980 - __main__ - INFO - dg >> audio (960 bytes)
2026-05-19 22:41:32,981 - __main__ - INFO - dg >> audio (960 bytes)
2026-05-19 22:41:32,982 - __main__ - INFO - dg >> audio (960 bytes)
2026-05-19 22:41:32,984 - __main__ - INFO - dg >> audio (960 bytes)
2026-05-19 22:41:32,985 - __main__ - INFO - dg >> audio (960 bytes)
2026-05-19 22:41:32,986 - __main__ - INFO - dg >> audio (960 bytes)
2026-05-19 22:41:32,987 - __main__ - INFO - dg >> audio (960 bytes)
2026-05-19 22:41:32,988 - __main__ - INFO - dg >> audio (960 bytes)
2026-05-19 22:41:32,989 - __main__ - INFO - dg >> audio (960 bytes)
2026-05-19 22:41:32,990 - __main__ - INFO - dg >> audio (960 bytes)
2026-05-19 22:41:33,038 - __main__ - INFO - client >> audio (2730 bytes)
2026-05-19 22:41:33,152 - __main__ - INFO - client >> audio (2730 bytes)
2026-05-19 22:41:33,212 - __main__ - INFO - client >> audio (2730 bytes)
2026-05-19 22:41:33,251 - __main__ - INFO - dg >> audio (960 bytes)
2026-05-19 22:41:33,254 - __main__ - INFO - dg >> audio (960 bytes)
2026-05-19 22:41:33,256 - __main__ - INFO - dg >> audio (960 bytes)
2026-05-19 22:41:33,257 - __main__ - INFO - dg >> audio (960 bytes)
2026-05-19 22:41:33,258 - __main__ - INFO - dg >> audio (960 bytes)
2026-05-19 22:41:33,259 - __main__ - INFO - dg >> audio (960 bytes)
2026-05-19 22:41:33,260 - __main__ - INFO - dg >> audio (960 bytes)
2026-05-19 22:41:33,261 - __main__ - INFO - dg >> audio (960 bytes)
2026-05-19 22:41:33,262 - __main__ - INFO - dg >> audio (960 bytes)
2026-05-19 22:41:33,263 - __main__ - INFO - dg >> audio (960 bytes)
2026-05-19 22:41:33,265 - __main__ - INFO - dg >> audio (960 bytes)
2026-05-19 22:41:33,267 - __main__ - INFO - dg >> audio (960 bytes)
2026-05-19 22:41:33,269 - __main__ - INFO - dg >> audio (960 bytes)
2026-05-19 22:41:33,270 - __main__ - INFO - dg >> audio (960 bytes)
2026-05-19 22:41:33,271 - __main__ - INFO - dg >> audio (960 bytes)
2026-05-19 22:41:33,272 - __main__ - INFO - dg >> audio (960 bytes)
2026-05-19 22:41:33,273 - __main__ - INFO - dg >> audio (960 bytes)
2026-05-19 22:41:33,275 - __main__ - INFO - dg >> audio (960 bytes)
2026-05-19 22:41:33,276 - __main__ - INFO - dg >> audio (960 bytes)
2026-05-19 22:41:33,277 - __main__ - INFO - dg >> audio (960 bytes)
2026-05-19 22:41:33,278 - __main__ - INFO - dg >> audio (960 bytes)
2026-05-19 22:41:33,279 - __main__ - INFO - dg >> audio (960 bytes)
2026-05-19 22:41:33,280 - __main__ - INFO - dg >> audio (960 bytes)
2026-05-19 22:41:33,281 - __main__ - INFO - dg >> audio (960 bytes)
2026-05-19 22:41:33,282 - __main__ - INFO - dg >> audio (208 bytes)
2026-05-19 22:41:33,282 - __main__ - INFO - dg << AgentAudioDone
2026-05-19 22:41:33,283 - __main__ - INFO - forwarding AgentAudioDone to client
2026-05-19 22:41:33,515 - __main__ - INFO - client >> audio (2730 bytes)
2026-05-19 22:41:33,557 - __main__ - INFO - client >> audio (2730 bytes)
2026-05-19 22:41:33,631 - __main__ - INFO - client >> audio (2730 bytes)
2026-05-19 22:41:33,715 - __main__ - INFO - client >> audio (2730 bytes)
2026-05-19 22:41:33,810 - __main__ - INFO - client >> audio (2730 bytes)
2026-05-19 22:41:33,901 - __main__ - INFO - client >> audio (2730 bytes)
2026-05-19 22:41:33,998 - __main__ - INFO - client >> audio (2730 bytes)
2026-05-19 22:41:34,057 - __main__ - INFO - client >> audio (2730 bytes)
2026-05-19 22:41:34,157 - __main__ - INFO - client >> audio (2730 bytes)
2026-05-19 22:41:34,243 - __main__ - INFO - client >> audio (2730 bytes)
2026-05-19 22:41:34,314 - __main__ - INFO - client >> audio (2730 bytes)
2026-05-19 22:41:34,396 - __main__ - INFO - client >> audio (2730 bytes)
2026-05-19 22:41:34,482 - __main__ - INFO - client >> audio (2730 bytes)
2026-05-19 22:41:34,569 - __main__ - INFO - client >> audio (2730 bytes)
2026-05-19 22:41:34,653 - __main__ - INFO - client >> audio (2730 bytes)
2026-05-19 22:41:34,737 - __main__ - INFO - client >> audio (2730 bytes)
2026-05-19 22:41:34,823 - __main__ - INFO - client >> audio (2730 bytes)
2026-05-19 22:41:34,913 - __main__ - INFO - client >> audio (2730 bytes)
2026-05-19 22:41:34,996 - __main__ - INFO - client >> audio (2730 bytes)
2026-05-19 22:41:35,079 - __main__ - INFO - client >> audio (2730 bytes)
2026-05-19 22:41:35,164 - __main__ - INFO - client >> audio (2730 bytes)
2026-05-19 22:41:35,252 - __main__ - INFO - client >> audio (2730 bytes)
2026-05-19 22:41:35,345 - __main__ - INFO - client >> audio (2730 bytes)
2026-05-19 22:41:35,421 - __main__ - INFO - client >> audio (2730 bytes)
2026-05-19 22:41:35,506 - __main__ - INFO - client >> audio (2730 bytes)
2026-05-19 22:41:35,591 - __main__ - INFO - client >> audio (2730 bytes)
2026-05-19 22:41:35,678 - __main__ - INFO - client >> audio (2730 bytes)
2026-05-19 22:41:35,761 - __main__ - INFO - client >> audio (2730 bytes)
2026-05-19 22:41:35,936 - __main__ - INFO - client >> audio (2730 bytes)
2026-05-19 22:41:35,945 - __main__ - INFO - client >> audio (2730 bytes)
2026-05-19 22:41:36,020 - __main__ - INFO - client >> audio (2730 bytes)
2026-05-19 22:41:36,119 - __main__ - INFO - client >> audio (2730 bytes)
2026-05-19 22:41:36,193 - __main__ - INFO - client >> audio (2730 bytes)
2026-05-19 22:41:36,277 - __main__ - INFO - client >> audio (2730 bytes)
2026-05-19 22:41:36,367 - __main__ - INFO - client >> audio (2730 bytes)
2026-05-19 22:41:36,444 - __main__ - INFO - client >> audio (2730 bytes)
2026-05-19 22:41:36,534 - __main__ - INFO - client >> audio (2730 bytes)
2026-05-19 22:41:36,615 - __main__ - INFO - client >> audio (2730 bytes)
2026-05-19 22:41:36,706 - __main__ - INFO - client >> audio (2730 bytes)
2026-05-19 22:41:36,786 - __main__ - INFO - client >> audio (2730 bytes)
2026-05-19 22:41:36,842 - __main__ - INFO - client requested close
INFO:     connection closed
